device_id,window_id,label,dC,dL,dP,dE,dF,dS,dT,cyc_per_us,lsu_per_cyc,cpi_per_cyc,exc_per_cyc,fold_per_cyc,
2,0,0,15024116,4411,5601,2624,5075,2426,100162,149.998169,0.000294,0.000373,0.000175,0.000338
2,1,0,15000000,4370,5948,2686,5213,2529,100000,150.000000,0.000291,0.000397,0.000179,0.000348
2,2,0,15000006,4703,5573,2665,4933,2758,100000,150.000061,0.000314,0.000372,0.000178,0.000329
2,3,0,14999994,5046,5909,2881,4936,2554,100000,149.999939,0.000336,0.000394,0.000192,0.000329
2,4,0,15000000,4943,6027,2687,5187,2671,100000,150.000000,0.000330,0.000402,0.000179,0.000346
2,5,0,15000006,4739,5273,2844,4969,2725,100000,150.000061,0.000316,0.000352,0.000190,0.000331
2,6,0,14999994,5131,5614,2881,4924,2534,100000,149.999939,0.000342,0.000374,0.000192,0.000328
2,7,0,15000000,4560,5057,2881,5178,2769,100000,150.000000,0.000304,0.000337,0.000192,0.000345
2,8,0,15000006,4593,5247,2664,4971,2497,100000,150.000061,0.000306,0.000350,0.000178,0.000331
2,9,0,14999994,4893,5934,2904,4944,2571,100000,149.999939,0.000326,0.000396,0.000194,0.000330
2,10,0,15000000,5086,5082,2881,5155,2458,100000,150.000000,0.000339,0.000339,0.000192,0.000344
2,11,0,15000006,4762,5548,2904,4983,2867,100000,150.000061,0.000317,0.000370,0.000194,0.000332
2,12,0,14999994,4501,5366,2881,5187,2895,100000,149.999939,0.000300,0.000358,0.000192,0.000346
2,13,0,15000000,4807,6093,2687,5178,2442,100000,150.000000,0.000320,0.000406,0.000179,0.000345
2,14,0,15000006,5079,5073,2903,4956,2734,100000,150.000061,0.000339,0.000338,0.000194,0.000330
2,15,0,14999994,4869,5617,2904,5177,2395,100000,149.999939,0.000325,0.000374,0.000194,0.000345
2,16,0,15000000,4840,5242,2867,5175,2870,100000,150.000000,0.000323,0.000349,0.000191,0.000345
2,17,0,15000006,4779,6429,2881,4983,3253,100000,150.000061,0.000319,0.000429,0.000192,0.000332
2,18,0,14999994,4721,4169,2686,4936,2049,100000,149.999939,0.000315,0.000278,0.000179,0.000329
2,19,0,15000000,4705,6085,2754,5195,2258,100000,150.000000,0.000314,0.000406,0.000184,0.000346
2,20,0,15000006,4678,6032,2881,4956,2219,100000,150.000061,0.000312,0.000402,0.000192,0.000330
2,21,0,14999994,4890,5645,2881,4940,2120,100000,149.999939,0.000326,0.000376,0.000192,0.000329
2,22,0,15000000,4879,6108,2882,5174,2405,100000,150.000000,0.000325,0.000407,0.000192,0.000345
2,23,0,15000006,5005,6272,2903,4984,2520,100000,150.000061,0.000334,0.000418,0.000194,0.000332
2,24,0,14999994,4733,4849,2903,4926,2821,100000,149.999939,0.000316,0.000323,0.000194,0.000328
2,25,0,15000000,4649,5921,2734,5192,2423,100000,150.000000,0.000310,0.000395,0.000182,0.000346
2,26,0,15000006,4710,5082,2665,4972,2889,100000,150.000061,0.000314,0.000339,0.000178,0.000331
2,27,0,14999994,4742,4992,2665,5224,1798,100000,149.999939,0.000316,0.000333,0.000178,0.000348
2,28,0,15000000,4654,5472,2757,5169,2946,100000,150.000000,0.000310,0.000365,0.000184,0.000345
2,29,0,15000006,4490,5748,2835,4973,2419,100000,150.000061,0.000299,0.000383,0.000189,0.000332
2,30,0,14999994,4857,5500,2718,5181,2278,100000,149.999939,0.000324,0.000367,0.000181,0.000345
2,31,0,15000000,4749,5842,2803,5199,2531,100000,150.000000,0.000317,0.000389,0.000187,0.000347
2,32,0,15000006,4716,5274,2881,4967,2738,100000,150.000061,0.000314,0.000352,0.000192,0.000331
2,33,0,14999994,4785,5686,2881,5192,1747,100000,149.999939,0.000319,0.000379,0.000192,0.000346
2,34,0,15000000,4591,5823,2881,5160,2132,100000,150.000000,0.000306,0.000388,0.000192,0.000344
2,35,0,15000006,4757,5826,2904,4981,3075,100000,150.000061,0.000317,0.000388,0.000194,0.000332
2,36,0,14999994,4946,6125,2664,5160,2564,100000,149.999939,0.000330,0.000408,0.000178,0.000344
2,37,0,15000000,4584,5975,2724,5176,2981,100000,150.000000,0.000306,0.000398,0.000182,0.000345
2,38,0,15000006,4865,5173,2759,4967,2542,100000,150.000061,0.000324,0.000345,0.000184,0.000331
2,39,0,14999994,4805,5498,2881,5209,1790,100000,149.999939,0.000320,0.000367,0.000192,0.000347
2,40,0,15000000,4331,5600,2881,5173,2901,100000,150.000000,0.000289,0.000373,0.000192,0.000345
2,41,0,15000006,4555,6023,2881,4986,3138,100000,150.000061,0.000304,0.000402,0.000192,0.000332
2,42,0,14999994,4908,5777,2904,4917,2506,100000,149.999939,0.000327,0.000385,0.000194,0.000328
2,43,0,15000000,4906,4766,2881,5203,2103,100000,150.000000,0.000327,0.000318,0.000192,0.000347
2,44,0,15000006,4891,5628,2904,4958,2684,100000,150.000061,0.000326,0.000375,0.000194,0.000331
2,45,0,14999994,4780,5498,2882,5201,2418,100000,149.999939,0.000319,0.000367,0.000192,0.000347
2,46,0,15000000,4679,5163,2664,5184,2015,100000,150.000000,0.000312,0.000344,0.000178,0.000346
2,47,0,15000006,4461,5137,2881,4993,1600,100000,150.000061,0.000297,0.000342,0.000192,0.000333
2,48,0,14999994,4576,5468,2881,4930,2411,100000,149.999939,0.000305,0.000365,0.000192,0.000329
2,49,0,15000001,4969,6408,2881,5183,3029,100000,150.000015,0.000331,0.000427,0.000192,0.000346
2,50,0,15000005,4626,5452,2881,4965,2408,100000,150.000046,0.000308,0.000363,0.000192,0.000331
2,51,0,14999994,4562,5579,2881,5189,2708,100000,149.999939,0.000304,0.000372,0.000192,0.000346
2,52,0,15000000,5077,5444,2718,5151,2750,100000,150.000000,0.000338,0.000363,0.000181,0.000343
2,53,0,15000006,4729,6100,2881,4961,2523,100000,150.000061,0.000315,0.000407,0.000192,0.000331
2,54,0,14999994,4698,5344,2881,5193,2074,100000,149.999939,0.000313,0.000356,0.000192,0.000346
2,55,0,15000000,4590,5871,2881,5178,2548,100000,150.000000,0.000306,0.000391,0.000192,0.000345
2,56,0,15000006,4625,4919,2881,4973,2900,100000,150.000061,0.000308,0.000328,0.000192,0.000332
2,57,0,14999994,4656,5615,2904,4958,3081,100000,149.999939,0.000310,0.000374,0.000194,0.000331
2,58,0,15000000,4844,5599,2882,5178,2247,100000,150.000000,0.000323,0.000373,0.000192,0.000345
2,59,0,15000006,4948,5896,2718,4992,2221,100000,150.000061,0.000330,0.000393,0.000181,0.000333
2,60,0,14999994,4769,6027,2881,5183,2271,100000,149.999939,0.000318,0.000402,0.000192,0.000346
2,61,0,15000000,4918,5896,2903,5186,2303,100000,150.000000,0.000328,0.000393,0.000194,0.000346
2,62,0,15000006,4707,4428,2881,4956,2903,100000,150.000061,0.000314,0.000295,0.000192,0.000330
2,63,0,14999994,4703,6136,2882,4950,2350,100000,149.999939,0.000314,0.000409,0.000192,0.000330
2,64,0,15000000,4925,5969,2734,5182,3440,100000,150.000000,0.000328,0.000398,0.000182,0.000345
2,65,0,15000006,4911,5549,2881,4985,2741,100000,150.000061,0.000327,0.000370,0.000192,0.000332
2,66,0,14999994,4449,5566,2881,5183,2141,100000,149.999939,0.000297,0.000371,0.000192,0.000346
2,67,0,15000000,4635,6183,2904,5186,2711,100000,150.000000,0.000309,0.000412,0.000194,0.000346
2,68,0,15000006,4612,6487,2881,4957,2575,100000,150.000061,0.000307,0.000432,0.000192,0.000330
2,69,0,14999994,4922,5646,2903,4948,2488,100000,149.999939,0.000328,0.000376,0.000194,0.000330
2,70,0,15000000,4450,5989,2903,5178,2544,100000,150.000000,0.000297,0.000399,0.000194,0.000345
2,71,0,15000006,4813,5249,2665,4983,2172,100000,150.000061,0.000321,0.000350,0.000178,0.000332
2,72,0,14999994,4644,5629,2718,5191,1926,100000,149.999939,0.000310,0.000375,0.000181,0.000346
2,73,0,15000000,4874,6074,2881,5182,2963,100000,150.000000,0.000325,0.000405,0.000192,0.000345
2,74,0,15000006,4494,5257,2903,4947,2598,100000,150.000061,0.000300,0.000350,0.000194,0.000330
2,75,0,14999994,4836,5101,2881,4935,2665,100000,149.999939,0.000322,0.000340,0.000192,0.000329
2,76,0,15000000,5087,5810,2881,5172,2551,100000,150.000000,0.000339,0.000387,0.000192,0.000345
2,77,0,15000006,4711,6059,2881,4976,2305,100000,150.000061,0.000314,0.000404,0.000192,0.000332
2,78,0,14999994,4650,5601,2665,5179,2956,100000,149.999939,0.000310,0.000373,0.000178,0.000345
2,79,0,15000000,4857,6492,2881,5178,2419,100000,150.000000,0.000324,0.000433,0.000192,0.000345
2,80,0,15000006,4761,3888,2881,4974,1912,100000,150.000061,0.000317,0.000259,0.000192,0.000332
2,81,0,14999994,4918,5618,2826,5197,2212,100000,149.999939,0.000328,0.000375,0.000188,0.000346
2,82,0,15000000,5027,6042,2756,5147,1626,100000,150.000000,0.000335,0.000403,0.000184,0.000343
2,83,0,15000006,4804,4916,2747,4976,2521,100000,150.000061,0.000320,0.000328,0.000183,0.000332
2,84,0,14999994,4493,4321,2881,5191,1954,100000,149.999939,0.000300,0.000288,0.000192,0.000346
2,85,0,15000000,4715,5970,2881,5183,1772,100000,150.000000,0.000314,0.000398,0.000192,0.000346
2,86,0,15000006,4459,5545,2686,4970,1977,100000,150.000061,0.000297,0.000370,0.000179,0.000331
2,87,0,14999994,4616,5673,2748,5184,2316,100000,149.999939,0.000308,0.000378,0.000183,0.000346
2,88,0,15000000,4698,4995,2665,5174,3210,100000,150.000000,0.000313,0.000333,0.000178,0.000345
2,89,0,15000006,4618,5896,2742,4982,2860,100000,150.000061,0.000308,0.000393,0.000183,0.000332
2,90,0,14999994,5026,4614,2664,5203,1606,100000,149.999939,0.000335,0.000308,0.000178,0.000347
2,91,0,15000000,4980,6070,2903,5170,2610,100000,150.000000,0.000332,0.000405,0.000194,0.000345
2,92,0,15000006,4918,5541,2881,4968,2958,100000,150.000061,0.000328,0.000369,0.000192,0.000331
2,93,0,14999994,4788,5674,2881,5209,1947,100000,149.999939,0.000319,0.000378,0.000192,0.000347
2,94,0,15000000,4835,6124,2665,5173,2181,100000,150.000000,0.000322,0.000408,0.000178,0.000345
2,95,0,15000006,4763,5571,2881,4982,2754,100000,150.000061,0.000318,0.000371,0.000192,0.000332
2,96,0,14999994,4694,5425,2796,4927,1974,100000,149.999939,0.000313,0.000362,0.000186,0.000328
2,97,0,15000000,4878,4848,2807,5189,2347,100000,150.000000,0.000325,0.000323,0.000187,0.000346
2,98,0,15000006,4685,4771,2904,4962,1981,100000,150.000061,0.000312,0.000318,0.000194,0.000331
2,99,0,14999994,4742,5476,2717,4960,1875,100000,149.999939,0.000316,0.000365,0.000181,0.000331
2,100,0,15000000,4762,5715,2664,5171,2499,100000,150.000000,0.000317,0.000381,0.000178,0.000345
2,101,0,15000006,5226,4200,2767,4986,2460,100000,150.000061,0.000348,0.000280,0.000184,0.000332
2,102,0,14999994,4907,5317,2665,5172,3138,100000,149.999939,0.000327,0.000354,0.000178,0.000345
2,103,0,15000000,4721,4977,2881,5179,2771,100000,150.000000,0.000315,0.000332,0.000192,0.000345
2,104,0,15000006,4528,6196,2881,4965,2395,100000,150.000061,0.000302,0.000413,0.000192,0.000331
2,105,0,14999994,5034,4885,2759,4960,2208,100000,149.999939,0.000336,0.000326,0.000184,0.000331
2,106,0,15000000,4928,5793,2665,5143,2988,100000,150.000000,0.000329,0.000386,0.000178,0.000343
2,107,0,15000006,4629,5262,2882,4981,2731,100000,150.000061,0.000309,0.000351,0.000192,0.000332
2,108,0,14999994,4275,5822,2734,4956,2087,100000,149.999939,0.000285,0.000388,0.000182,0.000330
2,109,0,15000000,5158,5230,2773,5185,2910,100000,150.000000,0.000344,0.000349,0.000185,0.000346
2,110,0,15000006,4273,5491,2717,4967,2006,100000,150.000061,0.000285,0.000366,0.000181,0.000331
2,111,0,14999994,4559,6405,2904,4962,2213,100000,149.999939,0.000304,0.000427,0.000194,0.000331
2,112,0,15000000,4769,5750,2775,5175,2604,100000,150.000000,0.000318,0.000383,0.000185,0.000345
2,113,0,15000006,4546,5466,2904,4982,2645,100000,150.000061,0.000303,0.000364,0.000194,0.000332
2,114,0,14999994,4753,5634,2688,5163,2802,100000,149.999939,0.000317,0.000376,0.000179,0.000344
2,115,0,15000000,4978,5724,2665,5178,1905,100000,150.000000,0.000332,0.000382,0.000178,0.000345
2,116,0,15000006,4599,5556,2832,4967,2183,100000,150.000061,0.000307,0.000370,0.000189,0.000331
2,117,0,14999994,4758,5150,2881,5210,2195,100000,149.999939,0.000317,0.000343,0.000192,0.000347
2,118,0,15000000,4597,6178,2717,5142,3034,100000,150.000000,0.000306,0.000412,0.000181,0.000343
2,119,0,15000006,4750,5534,2881,4994,2532,100000,150.000061,0.000317,0.000369,0.000192,0.000333
2,120,0,14999994,4959,4730,2881,5198,2190,100000,149.999939,0.000331,0.000315,0.000192,0.000347
2,121,0,15000000,4741,5776,2903,5195,2141,100000,150.000000,0.000316,0.000385,0.000194,0.000346
2,122,0,15000006,4830,5896,2834,4961,2191,100000,150.000061,0.000322,0.000393,0.000189,0.000331
2,123,0,14999994,4696,5471,2904,4925,2428,100000,149.999939,0.000313,0.000365,0.000194,0.000328
2,124,0,15000000,4769,4984,2904,5185,2382,100000,150.000000,0.000318,0.000332,0.000194,0.000346
2,125,0,15000006,5095,5757,2672,4969,2109,100000,150.000061,0.000340,0.000384,0.000178,0.000331
2,126,0,14999994,4780,5033,2687,5175,2296,100000,149.999939,0.000319,0.000336,0.000179,0.000345
2,127,0,15000000,4657,6357,2757,5206,2059,100000,150.000000,0.000310,0.000424,0.000184,0.000347
2,128,0,15000006,4956,5825,2881,4972,2391,100000,150.000061,0.000330,0.000388,0.000192,0.000331
2,129,0,14999994,4646,5427,2881,4940,2400,100000,149.999939,0.000310,0.000362,0.000192,0.000329
2,130,0,15000000,4842,5138,2904,5154,3141,100000,150.000000,0.000323,0.000343,0.000194,0.000344
2,131,0,15000006,4567,5349,2664,4957,2658,100000,150.000061,0.000304,0.000357,0.000178,0.000330
2,132,0,14999994,4676,6463,2689,4945,2386,100000,149.999939,0.000312,0.000431,0.000179,0.000330
2,133,0,15000000,4667,5898,2881,5180,1513,100000,150.000000,0.000311,0.000393,0.000192,0.000345
2,134,0,15000006,4829,5514,2881,4961,2603,100000,150.000061,0.000322,0.000368,0.000192,0.000331
2,135,0,14999994,4663,5871,2881,5198,2548,100000,149.999939,0.000311,0.000391,0.000192,0.000347
2,136,0,15000000,4877,6072,2665,5184,2706,100000,150.000000,0.000325,0.000405,0.000178,0.000346
2,137,0,15000006,4660,5286,2904,4956,2482,100000,150.000061,0.000311,0.000352,0.000194,0.000330
2,138,0,14999994,4652,5287,2797,5188,2617,100000,149.999939,0.000310,0.000352,0.000186,0.000346
2,139,0,15000000,4522,5111,2687,5181,2639,100000,150.000000,0.000301,0.000341,0.000179,0.000345
2,140,0,15000006,4765,5997,2903,5005,2656,100000,150.000061,0.000318,0.000400,0.000194,0.000334
2,141,0,14999994,4623,4821,2741,4938,2444,100000,149.999939,0.000308,0.000321,0.000183,0.000329
2,142,0,15000000,4600,5767,2881,5175,2473,100000,150.000000,0.000307,0.000384,0.000192,0.000345
2,143,0,15000006,4955,5723,2881,4957,2508,100000,150.000061,0.000330,0.000382,0.000192,0.000330
2,144,0,14999994,4831,5321,2756,4955,2538,100000,149.999939,0.000322,0.000355,0.000184,0.000330
2,145,0,15000000,4566,5654,2687,5184,2730,100000,150.000000,0.000304,0.000377,0.000179,0.000346
2,146,0,15000006,4678,5754,2903,4949,2519,100000,150.000061,0.000312,0.000384,0.000194,0.000330
2,147,0,14999994,4504,5167,2664,4925,2157,100000,149.999939,0.000300,0.000344,0.000178,0.000328
2,148,0,15000000,5249,5717,2816,5196,2047,100000,150.000000,0.000350,0.000381,0.000188,0.000346
2,149,0,15000006,4465,5557,2881,4964,2709,100000,150.000061,0.000298,0.000370,0.000192,0.000331
2,150,0,14999994,4764,5128,2665,5175,2196,100000,149.999939,0.000318,0.000342,0.000178,0.000345
2,151,0,15000000,4651,5542,2665,5170,2427,100000,150.000000,0.000310,0.000369,0.000178,0.000345
2,152,0,15000006,4721,5720,2881,4992,2726,100000,150.000061,0.000315,0.000381,0.000192,0.000333
2,153,0,14999994,4434,5920,2734,5198,2249,100000,149.999939,0.000296,0.000395,0.000182,0.000347
2,154,0,15000000,4961,5988,2757,5183,2227,100000,150.000000,0.000331,0.000399,0.000184,0.000346
2,155,0,15000006,4918,5880,2717,4972,1929,100000,150.000061,0.000328,0.000392,0.000181,0.000331
2,156,0,14999994,4587,4812,2881,4921,2759,100000,149.999939,0.000306,0.000321,0.000192,0.000328
2,157,0,15000000,4756,5054,2665,5187,2376,100000,150.000000,0.000317,0.000337,0.000178,0.000346
2,158,0,15000006,4700,5893,2881,4958,2499,100000,150.000061,0.000313,0.000393,0.000192,0.000331
2,159,0,14999994,4580,5899,2686,5201,2247,100000,149.999939,0.000305,0.000393,0.000179,0.000347
2,160,0,15000000,4475,6095,2734,5196,2979,100000,150.000000,0.000298,0.000406,0.000182,0.000346
2,161,0,15000006,5022,5864,2881,4948,2459,100000,150.000061,0.000335,0.000391,0.000192,0.000330
2,162,0,14999994,4892,4922,2717,5162,2117,100000,149.999939,0.000326,0.000328,0.000181,0.000344
2,163,0,15000000,4996,5572,2881,5202,2405,100000,150.000000,0.000333,0.000371,0.000192,0.000347
2,164,0,15000006,4784,5856,2664,4969,2643,100000,150.000061,0.000319,0.000390,0.000178,0.000331
2,165,0,14999994,4830,5176,2903,4950,2446,100000,149.999939,0.000322,0.000345,0.000194,0.000330
2,166,0,15000000,5109,6547,2881,5149,2106,100000,150.000000,0.000341,0.000436,0.000192,0.000343
2,167,0,15000006,4773,5497,2881,4980,2256,100000,150.000061,0.000318,0.000366,0.000192,0.000332
2,168,0,14999994,4505,4943,2881,4939,2161,100000,149.999939,0.000300,0.000330,0.000192,0.000329
2,169,0,15000000,4726,5316,2718,5185,2670,100000,150.000000,0.000315,0.000354,0.000181,0.000346
2,170,0,15000006,5110,6089,2881,4949,2574,100000,150.000061,0.000341,0.000406,0.000192,0.000330
2,171,0,14999994,4774,4717,2866,5205,2266,100000,149.999939,0.000318,0.000314,0.000191,0.000347
2,172,0,15000000,4678,6417,2882,5188,2871,100000,150.000000,0.000312,0.000428,0.000192,0.000346
2,173,0,15000006,4861,5392,2881,4991,3035,100000,150.000061,0.000324,0.000359,0.000192,0.000333
2,174,0,14999994,4680,5177,2881,5188,2672,100000,149.999939,0.000312,0.000345,0.000192,0.000346
2,175,0,15000000,4913,5932,2757,5199,2576,100000,150.000000,0.000328,0.000395,0.000184,0.000347
2,176,0,15000006,4501,5661,2665,4993,2559,100000,150.000061,0.000300,0.000377,0.000178,0.000333
2,177,0,14999994,4546,5178,2881,5196,2217,100000,149.999939,0.000303,0.000345,0.000192,0.000346
2,178,0,15000000,4900,6164,2903,5157,2775,100000,150.000000,0.000327,0.000411,0.000194,0.000344
2,179,0,15000006,5027,5043,2665,4981,2776,100000,150.000061,0.000335,0.000336,0.000178,0.000332
2,180,0,14999994,4592,4891,2882,4937,2674,100000,149.999939,0.000306,0.000326,0.000192,0.000329
2,181,0,15000000,4663,5669,2735,5191,2538,100000,150.000000,0.000311,0.000378,0.000182,0.000346
2,182,0,15000006,4570,5514,2881,4945,2322,100000,150.000061,0.000305,0.000368,0.000192,0.000330
2,183,0,14999994,4296,5278,2904,5217,1814,100000,149.999939,0.000286,0.000352,0.000194,0.000348
2,184,0,15000000,4849,5802,2881,5166,2626,100000,150.000000,0.000323,0.000387,0.000192,0.000344
2,185,0,15000006,4630,5794,2881,4986,2252,100000,150.000061,0.000309,0.000386,0.000192,0.000332
2,186,0,14999994,4483,5326,2828,4941,2541,100000,149.999939,0.000299,0.000355,0.000189,0.000329
2,187,0,15000000,4928,5277,2756,5182,2556,100000,150.000000,0.000329,0.000352,0.000184,0.000345
2,188,0,15000006,4750,5901,2904,4973,2584,100000,150.000061,0.000317,0.000393,0.000194,0.000332
2,189,0,14999994,4682,5939,2757,5170,2436,100000,149.999939,0.000312,0.000396,0.000184,0.000345
2,190,0,15000000,4638,5757,2757,5162,2042,100000,150.000000,0.000309,0.000384,0.000184,0.000344
2,191,0,15000006,4534,5904,2881,4980,2717,100000,150.000061,0.000302,0.000394,0.000192,0.000332
2,192,0,14999994,4828,6004,2881,4936,2654,100000,149.999939,0.000322,0.000400,0.000192,0.000329
2,193,0,15000000,4766,5925,2665,5171,2565,100000,150.000000,0.000318,0.000395,0.000178,0.000345
2,194,0,15000006,4490,5205,2757,4940,2435,100000,150.000061,0.000299,0.000347,0.000184,0.000329
2,195,0,14999994,4436,6608,2881,5165,2413,100000,149.999939,0.000296,0.000441,0.000192,0.000344
2,196,0,15000000,4579,5709,2906,5202,1661,100000,150.000000,0.000305,0.000381,0.000194,0.000347
2,197,0,15000006,4720,5806,2833,4966,2935,100000,150.000061,0.000315,0.000387,0.000189,0.000331
2,198,0,14999994,4858,5775,2881,5194,2062,100000,149.999939,0.000324,0.000385,0.000192,0.000346
2,199,0,15000000,5075,5062,2731,5164,2714,100000,150.000000,0.000338,0.000337,0.000182,0.000344
2,200,0,15000006,5011,5292,2665,4984,2181,100000,150.000061,0.000334,0.000353,0.000178,0.000332
2,201,0,14999994,4398,4989,2666,4910,2205,100000,149.999939,0.000293,0.000333,0.000178,0.000327
2,202,0,15000000,4587,5104,2903,5189,2253,100000,150.000000,0.000306,0.000340,0.000194,0.000346
2,203,0,15000006,4883,6152,2735,4972,2571,100000,150.000061,0.000326,0.000410,0.000182,0.000331
2,204,0,14999994,4927,5098,2717,5204,2524,100000,149.999939,0.000328,0.000340,0.000181,0.000347
2,205,0,15000000,4816,4912,2664,5196,2595,100000,150.000000,0.000321,0.000327,0.000178,0.000346
2,206,0,15000006,4569,4688,2758,4970,2638,100000,150.000061,0.000305,0.000313,0.000184,0.000331
2,207,0,14999994,4625,5089,2757,5202,2579,100000,149.999939,0.000308,0.000339,0.000184,0.000347
2,208,0,15000000,4616,6072,2758,5197,2467,100000,150.000000,0.000308,0.000405,0.000184,0.000346
2,209,0,15000006,4642,4967,2735,4964,3078,100000,150.000061,0.000309,0.000331,0.000182,0.000331
2,210,0,14999994,4646,5261,2881,4927,2941,100000,149.999939,0.000310,0.000351,0.000192,0.000328
2,211,0,15000000,4758,5585,2875,5173,2555,100000,150.000000,0.000317,0.000372,0.000192,0.000345
2,212,0,15000006,4790,5751,2717,4965,2586,100000,150.000061,0.000319,0.000383,0.000181,0.000331
2,213,0,14999994,4943,5482,2903,4943,1441,100000,149.999939,0.000330,0.000365,0.000194,0.000330
2,214,0,15000000,4612,4734,2703,5168,2325,100000,150.000000,0.000307,0.000316,0.000180,0.000345
2,215,0,15000006,4709,5596,2665,4975,2633,100000,150.000061,0.000314,0.000373,0.000178,0.000332
2,216,0,14999994,4717,5425,2718,5213,2406,100000,149.999939,0.000314,0.000362,0.000181,0.000348
2,217,0,15000000,4452,5295,2881,5178,2417,100000,150.000000,0.000297,0.000353,0.000192,0.000345
2,218,0,15000006,4408,5380,2881,4973,2469,100000,150.000061,0.000294,0.000359,0.000192,0.000332
2,219,0,14999994,4649,5219,2882,5185,2528,100000,149.999939,0.000310,0.000348,0.000192,0.000346
2,220,0,15000000,4698,6120,2664,5178,2819,100000,150.000000,0.000313,0.000408,0.000178,0.000345
2,221,0,15000006,4442,5296,2758,4983,2949,100000,150.000061,0.000296,0.000353,0.000184,0.000332
2,222,0,14999994,4766,5995,2904,4932,1996,100000,149.999939,0.000318,0.000400,0.000194,0.000329
2,223,0,15000000,4850,5453,2664,5193,2549,100000,150.000000,0.000323,0.000364,0.000178,0.000346
2,224,0,15000006,4744,5837,2882,4987,2870,100000,150.000061,0.000316,0.000389,0.000192,0.000332
2,225,0,14999994,4627,5290,2904,5199,2231,100000,149.999939,0.000308,0.000353,0.000194,0.000347
2,226,0,15000000,4343,5823,2665,5141,1970,100000,150.000000,0.000290,0.000388,0.000178,0.000343
2,227,0,15000006,4499,5358,2881,4971,2308,100000,150.000061,0.000300,0.000357,0.000192,0.000331
2,228,0,14999994,4631,5723,2881,5191,1813,100000,149.999939,0.000309,0.000382,0.000192,0.000346
2,229,0,15000000,4847,5526,2735,5183,3000,100000,150.000000,0.000323,0.000368,0.000182,0.000346
2,230,0,15000006,4885,5515,2904,4948,2139,100000,150.000061,0.000326,0.000368,0.000194,0.000330
2,231,0,14999994,4991,5560,2881,4938,2728,100000,149.999939,0.000333,0.000371,0.000192,0.000329
2,232,0,15000000,4538,4945,2707,5154,2995,100000,150.000000,0.000303,0.000330,0.000180,0.000344
2,233,0,15000006,4915,5679,2882,4973,2743,100000,150.000061,0.000328,0.000379,0.000192,0.000332
2,234,0,14999994,4780,5313,2881,5199,2062,100000,149.999939,0.000319,0.000354,0.000192,0.000347
2,235,0,15000000,4858,5847,2881,5182,2238,100000,150.000000,0.000324,0.000390,0.000192,0.000345
2,236,0,15000006,4925,5549,2903,4989,2661,100000,150.000061,0.000328,0.000370,0.000194,0.000333
2,237,0,14999994,4479,4919,2881,4960,2593,100000,149.999939,0.000299,0.000328,0.000192,0.000331
2,238,0,15000000,4939,5992,2881,5177,2528,100000,150.000000,0.000329,0.000399,0.000192,0.000345
2,239,0,15000006,4743,5558,2881,5000,2824,100000,150.000061,0.000316,0.000371,0.000192,0.000333
2,240,0,14999994,4858,5562,2718,5181,2791,100000,149.999939,0.000324,0.000371,0.000181,0.000345
2,241,0,15000000,4540,6215,2758,5194,2327,100000,150.000000,0.000303,0.000414,0.000184,0.000346
2,242,0,15000006,4908,6151,2881,4938,2675,100000,150.000061,0.000327,0.000410,0.000192,0.000329
2,243,0,14999994,4644,5296,2881,5204,2932,100000,149.999939,0.000310,0.000353,0.000192,0.000347
2,244,0,15000000,4581,5933,2736,5182,2637,100000,150.000000,0.000305,0.000396,0.000182,0.000345
2,245,0,15000006,4538,5723,2827,4980,2754,100000,150.000061,0.000303,0.000382,0.000188,0.000332
2,246,0,14999994,4508,4886,2874,5174,2289,100000,149.999939,0.000301,0.000326,0.000192,0.000345
2,247,0,15000001,4785,5540,2717,5213,2222,100000,150.000015,0.000319,0.000369,0.000181,0.000348
2,248,0,15000005,4658,5879,2903,4959,2807,100000,150.000046,0.000311,0.000392,0.000194,0.000331
2,249,0,14999994,4755,5174,2665,4961,2311,100000,149.999939,0.000317,0.000345,0.000178,0.000331
2,250,0,15000000,5002,5755,2688,5170,1973,100000,150.000000,0.000333,0.000384,0.000179,0.000345
2,251,0,15000006,4830,5990,2882,4969,2470,100000,150.000061,0.000322,0.000399,0.000192,0.000331
2,252,0,14999994,4566,5712,2717,5163,2296,100000,149.999939,0.000304,0.000381,0.000181,0.000344
2,253,0,15000000,5071,5261,2881,5173,1976,100000,150.000000,0.000338,0.000351,0.000192,0.000345
2,254,0,15000006,4646,5408,2904,4967,2638,100000,150.000061,0.000310,0.000361,0.000194,0.000331
2,255,0,14999994,4511,5867,2881,5197,2295,100000,149.999939,0.000301,0.000391,0.000192,0.000346
2,256,0,15000000,4902,4809,2734,5195,2449,100000,150.000000,0.000327,0.000321,0.000182,0.000346
2,257,0,15000006,4620,5412,2903,4989,2345,100000,150.000061,0.000308,0.000361,0.000194,0.000333
2,258,0,14999994,4525,5595,2881,5183,2120,100000,149.999939,0.000302,0.000373,0.000192,0.000346
2,259,0,15000000,4756,5311,2881,5190,2232,100000,150.000000,0.000317,0.000354,0.000192,0.000346
2,260,0,15000006,4821,5200,2904,4994,3149,100000,150.000061,0.000321,0.000347,0.000194,0.000333
2,261,0,14999994,4931,5265,2881,4940,2196,100000,149.999939,0.000329,0.000351,0.000192,0.000329
2,262,0,15000000,4612,6317,2881,5179,2079,100000,150.000000,0.000307,0.000421,0.000192,0.000345
2,263,0,15000006,4595,5314,2881,4954,2527,100000,150.000061,0.000306,0.000354,0.000192,0.000330
2,264,0,14999994,4412,5554,2882,5214,1623,100000,149.999939,0.000294,0.000370,0.000192,0.000348
2,265,0,15000000,4774,5894,2757,5167,2361,100000,150.000000,0.000318,0.000393,0.000184,0.000344
2,266,0,15000006,4863,5363,2688,4974,2126,100000,150.000061,0.000324,0.000358,0.000179,0.000332
2,267,0,14999994,4656,5639,2882,4943,2263,100000,149.999939,0.000310,0.000376,0.000192,0.000330
2,268,0,15000000,5064,6021,2881,5197,2094,100000,150.000000,0.000338,0.000401,0.000192,0.000346
2,269,0,15000006,4895,5881,2881,4971,2604,100000,150.000061,0.000326,0.000392,0.000192,0.000331
2,270,0,14999994,5014,5383,2881,4941,2848,100000,149.999939,0.000334,0.000359,0.000192,0.000329
2,271,0,15000000,4917,6668,2687,5169,2596,100000,150.000000,0.000328,0.000445,0.000179,0.000345
2,272,0,15000006,4570,6236,2757,4999,2639,100000,150.000061,0.000305,0.000416,0.000184,0.000333
2,273,0,14999994,4783,5597,2881,5197,2740,100000,149.999939,0.000319,0.000373,0.000192,0.000346
2,274,0,15000000,4910,5958,2881,5170,2544,100000,150.000000,0.000327,0.000397,0.000192,0.000345
2,275,0,15000006,4776,5679,2686,4966,2655,100000,150.000061,0.000318,0.000379,0.000179,0.000331
2,276,0,14999994,4670,5571,2765,4960,2519,100000,149.999939,0.000311,0.000371,0.000184,0.000331
2,277,0,15000000,4534,5186,2881,5174,2493,100000,150.000000,0.000302,0.000346,0.000192,0.000345
2,278,0,15000006,4943,4699,2881,4970,2495,100000,150.000061,0.000330,0.000313,0.000192,0.000331
2,279,0,14999994,4796,5765,2881,4931,1776,100000,149.999939,0.000320,0.000384,0.000192,0.000329
2,280,0,15000000,4756,4991,2881,5209,1620,100000,150.000000,0.000317,0.000333,0.000192,0.000347
2,281,0,15000006,4900,5599,2903,4980,2249,100000,150.000061,0.000327,0.000373,0.000194,0.000332
2,282,0,14999994,4534,5394,2881,4942,2260,100000,149.999939,0.000302,0.000360,0.000192,0.000329
2,283,0,15000000,4909,6011,2756,5184,1981,100000,150.000000,0.000327,0.000401,0.000184,0.000346
2,284,0,15000006,4673,5476,2756,4968,2078,100000,150.000061,0.000312,0.000365,0.000184,0.000331
2,285,0,14999994,4316,4537,2686,4939,2066,100000,149.999939,0.000288,0.000302,0.000179,0.000329
2,286,0,15000000,4647,5721,2664,5173,2296,100000,150.000000,0.000310,0.000381,0.000178,0.000345
2,287,0,15000006,4827,5318,2758,4981,2298,100000,150.000061,0.000322,0.000355,0.000184,0.000332
2,288,0,14999994,4682,4789,2881,5209,2494,100000,149.999939,0.000312,0.000319,0.000192,0.000347
2,289,0,15000000,4623,5994,2881,5174,1949,100000,150.000000,0.000308,0.000400,0.000192,0.000345
2,290,0,15000006,5079,6009,2665,4925,2755,100000,150.000061,0.000339,0.000401,0.000178,0.000328
2,291,0,14999994,4654,5329,2757,5206,2621,100000,149.999939,0.000310,0.000355,0.000184,0.000347
2,292,0,15000000,4882,5507,2828,5165,2401,100000,150.000000,0.000325,0.000367,0.000189,0.000344
2,293,0,15000006,4853,6751,2904,4960,2259,100000,150.000061,0.000324,0.000450,0.000194,0.000331
2,294,0,14999994,4649,5617,2717,5149,1748,100000,149.999939,0.000310,0.000374,0.000181,0.000343
2,295,0,15000000,4352,5094,2904,5200,1675,100000,150.000000,0.000290,0.000340,0.000194,0.000347
2,296,0,15000006,4907,6319,2735,4952,2619,100000,150.000061,0.000327,0.000421,0.000182,0.000330
2,297,0,14999994,4434,5808,2882,5193,2469,100000,149.999939,0.000296,0.000387,0.000192,0.000346
2,298,0,15000000,4722,4967,2881,5162,3036,100000,150.000000,0.000315,0.000331,0.000192,0.000344
2,299,0,15000006,4427,5224,2718,5001,3186,100000,150.000061,0.000295,0.000348,0.000181,0.000333
2,300,1,14999994,6313,5002,2741,3898,1098,100000,149.999939,0.000421,0.000333,0.000183,0.000260
2,301,1,15000000,6169,4781,2904,3949,770,100000,150.000000,0.000411,0.000319,0.000194,0.000263
2,302,1,15000000,6310,4659,2665,3932,1257,100000,150.000000,0.000421,0.000311,0.000178,0.000262
2,303,1,15000000,6737,4474,2664,3930,1150,100000,150.000000,0.000449,0.000298,0.000178,0.000262
2,304,1,15000000,6389,4782,2840,3954,907,100000,150.000000,0.000426,0.000319,0.000189,0.000264
2,305,1,15000000,6579,4705,2667,3962,1146,100000,150.000000,0.000439,0.000314,0.000178,0.000264
2,306,1,15000000,6199,4837,2757,3948,1133,100000,150.000000,0.000413,0.000322,0.000184,0.000263
2,307,1,15000000,6204,4427,2881,3947,715,100000,150.000000,0.000414,0.000295,0.000192,0.000263
2,308,1,15000000,6241,5523,2881,3919,997,100000,150.000000,0.000416,0.000368,0.000192,0.000261
2,309,1,15000000,6407,5040,2881,3935,860,100000,150.000000,0.000427,0.000336,0.000192,0.000262
2,310,1,15000000,6615,4703,2881,3921,1301,100000,150.000000,0.000441,0.000314,0.000192,0.000261
2,311,1,15000000,6556,5231,2881,3931,953,100000,150.000000,0.000437,0.000349,0.000192,0.000262
2,312,1,15000000,6411,4428,2665,3952,1246,100000,150.000000,0.000427,0.000295,0.000178,0.000263
2,313,1,15000000,6394,4827,2741,3965,1373,100000,150.000000,0.000426,0.000322,0.000183,0.000264
2,314,1,15000000,6273,4409,2882,3945,1052,100000,150.000000,0.000418,0.000294,0.000192,0.000263
2,315,1,15000000,6182,4763,2661,3966,1044,100000,150.000000,0.000412,0.000318,0.000177,0.000264
2,316,1,15000000,6428,5014,2664,3923,1140,100000,150.000000,0.000429,0.000334,0.000178,0.000262
2,317,1,15000000,6318,5365,2882,3966,1159,100000,150.000000,0.000421,0.000358,0.000192,0.000264
2,318,1,15000000,6340,4971,2845,3945,918,100000,150.000000,0.000423,0.000331,0.000190,0.000263
2,319,1,15000000,6122,4697,2743,3956,1033,100000,150.000000,0.000408,0.000313,0.000183,0.000264
2,320,1,15000000,6593,5549,2665,3945,1065,100000,150.000000,0.000440,0.000370,0.000178,0.000263
2,321,1,15000000,6607,5474,2881,3931,1420,100000,150.000000,0.000440,0.000365,0.000192,0.000262
2,322,1,15000000,6647,4584,2881,3934,1727,100000,150.000000,0.000443,0.000306,0.000192,0.000262
2,323,1,15000000,6103,5325,2687,3943,1054,100000,150.000000,0.000407,0.000355,0.000179,0.000263
2,324,1,15000000,6684,4836,2706,3942,1277,100000,150.000000,0.000446,0.000322,0.000180,0.000263
2,325,1,15000000,6338,4620,2894,3926,1456,100000,150.000000,0.000423,0.000308,0.000193,0.000262
2,326,1,15000000,6572,5387,2735,3936,989,100000,150.000000,0.000438,0.000359,0.000182,0.000262
2,327,1,15000000,6611,4978,2725,3935,1159,100000,150.000000,0.000441,0.000332,0.000182,0.000262
2,328,1,15000000,6607,4665,2881,3927,1080,100000,150.000000,0.000440,0.000311,0.000192,0.000262
2,329,1,15000000,6496,5650,2815,3944,906,100000,150.000000,0.000433,0.000377,0.000188,0.000263
2,330,1,15000000,6387,4654,2793,3917,835,100000,150.000000,0.000426,0.000310,0.000186,0.000261
2,331,1,15000000,6615,5402,2756,3913,615,100000,150.000000,0.000441,0.000360,0.000184,0.000261
2,332,1,15000000,6450,5532,2666,3926,1032,100000,150.000000,0.000430,0.000369,0.000178,0.000262
2,333,1,15000000,6156,4924,2881,3910,1328,100000,150.000000,0.000410,0.000328,0.000192,0.000261
2,334,1,15000000,6621,4922,2742,3964,1304,100000,150.000000,0.000441,0.000328,0.000183,0.000264
2,335,1,15000000,6944,5071,2664,3935,944,100000,150.000000,0.000463,0.000338,0.000178,0.000262
2,336,1,15000000,6182,5034,2741,3946,1135,100000,150.000000,0.000412,0.000336,0.000183,0.000263
2,337,1,15000000,6417,5180,2881,3938,1029,100000,150.000000,0.000428,0.000345,0.000192,0.000263
2,338,1,15000000,6463,4838,2904,3937,1129,100000,150.000000,0.000431,0.000323,0.000194,0.000262
2,339,1,15000000,6380,4821,2664,3937,997,100000,150.000000,0.000425,0.000321,0.000178,0.000262
2,340,1,15000000,6221,4235,2781,3937,1122,100000,150.000000,0.000415,0.000282,0.000185,0.000262
2,341,1,15000000,6733,5172,2796,3931,1204,100000,150.000000,0.000449,0.000345,0.000186,0.000262
2,342,1,15000000,6651,5427,2881,3962,1143,100000,150.000000,0.000443,0.000362,0.000192,0.000264
2,343,1,15000000,6440,4527,2835,3931,1043,100000,150.000000,0.000429,0.000302,0.000189,0.000262
2,344,1,15000000,6375,5489,2882,3957,963,100000,150.000000,0.000425,0.000366,0.000192,0.000264
2,345,1,15000000,6378,5210,2903,3941,786,100000,150.000000,0.000425,0.000347,0.000194,0.000263
2,346,1,15000000,6428,4834,2881,3955,1140,100000,150.000000,0.000429,0.000322,0.000192,0.000264
2,347,1,15000000,6495,5324,2882,3948,1233,100000,150.000000,0.000433,0.000355,0.000192,0.000263
2,348,1,15000000,6260,4780,2718,3958,842,100000,150.000000,0.000417,0.000319,0.000181,0.000264
2,349,1,15000000,6325,5292,2827,3930,1072,100000,150.000000,0.000422,0.000353,0.000188,0.000262
2,350,1,15000000,6344,5002,2724,3941,1377,100000,150.000000,0.000423,0.000333,0.000182,0.000263
2,351,1,15000000,6313,4995,2665,3956,1113,100000,150.000000,0.000421,0.000333,0.000178,0.000264
2,352,1,15000000,6634,5501,2903,3966,1127,100000,150.000000,0.000442,0.000367,0.000194,0.000264
2,353,1,15000000,6541,4968,2665,3941,794,100000,150.000000,0.000436,0.000331,0.000178,0.000263
2,354,1,15000000,7238,5452,2792,3923,802,100000,150.000000,0.000483,0.000363,0.000186,0.000262
2,355,1,15000000,6136,4587,2881,3918,1312,100000,150.000000,0.000409,0.000306,0.000192,0.000261
2,356,1,15000000,6394,4964,2763,3911,1318,100000,150.000000,0.000426,0.000331,0.000184,0.000261
2,357,1,15000000,6823,4687,2742,3923,800,100000,150.000000,0.000455,0.000312,0.000183,0.000262
2,358,1,15000000,6526,4461,2882,3951,1427,100000,150.000000,0.000435,0.000297,0.000192,0.000263
2,359,1,15000000,6876,4522,2764,3925,1520,100000,150.000000,0.000458,0.000301,0.000184,0.000262
2,360,1,15000000,6568,5186,2881,3968,817,100000,150.000000,0.000438,0.000346,0.000192,0.000265
2,361,1,15000000,6684,5175,2704,3920,1351,100000,150.000000,0.000446,0.000345,0.000180,0.000261
2,362,1,15000000,6482,5250,2881,3943,1152,100000,150.000000,0.000432,0.000350,0.000192,0.000263
2,363,1,15000000,6486,4873,2792,3948,1123,100000,150.000000,0.000432,0.000325,0.000186,0.000263
2,364,1,15000000,6878,5113,2724,3965,1401,100000,150.000000,0.000459,0.000341,0.000182,0.000264
2,365,1,15000000,6517,5629,2734,3948,843,100000,150.000000,0.000434,0.000375,0.000182,0.000263
2,366,1,15000000,6439,5010,2881,3927,1325,100000,150.000000,0.000429,0.000334,0.000192,0.000262
2,367,1,15000000,6372,5682,2741,3924,1141,100000,150.000000,0.000425,0.000379,0.000183,0.000262
2,368,1,15000000,6794,4949,2771,3947,905,100000,150.000000,0.000453,0.000330,0.000185,0.000263
2,369,1,15000000,6494,5180,2736,3938,1044,100000,150.000000,0.000433,0.000345,0.000182,0.000263
2,370,1,15000000,6449,5424,2664,3944,739,100000,150.000000,0.000430,0.000362,0.000178,0.000263
2,371,1,15000000,6239,4963,2687,3935,1157,100000,150.000000,0.000416,0.000331,0.000179,0.000262
2,372,1,15000000,6287,5025,2881,3945,982,100000,150.000000,0.000419,0.000335,0.000192,0.000263
2,373,1,15000000,6410,5144,2797,3926,956,100000,150.000000,0.000427,0.000343,0.000186,0.000262
2,374,1,15000000,6074,5015,2756,3936,1368,100000,150.000000,0.000405,0.000334,0.000184,0.000262
2,375,1,15000000,6653,4755,2881,3932,1601,100000,150.000000,0.000444,0.000317,0.000192,0.000262
2,376,1,15000000,6183,4985,2866,3945,1345,100000,150.000000,0.000412,0.000332,0.000191,0.000263
2,377,1,15000000,6296,4874,2867,3952,1036,100000,150.000000,0.000420,0.000325,0.000191,0.000263
2,378,1,15000000,6695,4915,2820,3946,635,100000,150.000000,0.000446,0.000328,0.000188,0.000263
2,379,1,15000000,6501,5067,2872,3939,1298,100000,150.000000,0.000433,0.000338,0.000191,0.000263
2,380,1,15000000,6642,4765,2892,3918,990,100000,150.000000,0.000443,0.000318,0.000193,0.000261
2,381,1,15000000,6339,5090,2674,3965,872,100000,150.000000,0.000423,0.000339,0.000178,0.000264
2,382,1,15000000,6725,4674,2874,3961,870,100000,150.000000,0.000448,0.000312,0.000192,0.000264
2,383,1,15000000,6580,4693,2744,3955,1174,100000,150.000000,0.000439,0.000313,0.000183,0.000264
2,384,1,15000000,6408,4835,2870,3949,982,100000,150.000000,0.000427,0.000322,0.000191,0.000263
2,385,1,15000000,6497,5464,2872,3967,1080,100000,150.000000,0.000433,0.000364,0.000191,0.000264
2,386,1,15000000,6462,4589,2730,3949,1186,100000,150.000000,0.000431,0.000306,0.000182,0.000263
2,387,1,15000000,6426,4795,2670,3965,1245,100000,150.000000,0.000428,0.000320,0.000178,0.000264
2,388,1,15000000,6590,5452,2735,3947,1205,100000,150.000000,0.000439,0.000363,0.000182,0.000263
2,389,1,15000000,6122,4846,2869,3971,1219,100000,150.000000,0.000408,0.000323,0.000191,0.000265
2,390,1,15000000,6734,5127,2887,3960,1388,100000,150.000000,0.000449,0.000342,0.000192,0.000264
2,391,1,15000000,6445,4589,2680,3971,793,100000,150.000000,0.000430,0.000306,0.000179,0.000265
2,392,1,15000000,6269,5051,2802,3948,752,100000,150.000000,0.000418,0.000337,0.000187,0.000263
2,393,1,15000000,6213,4965,2744,3954,1073,100000,150.000000,0.000414,0.000331,0.000183,0.000264
2,394,1,15000000,6218,5435,2752,3950,902,100000,150.000000,0.000415,0.000362,0.000183,0.000263
2,395,1,15000000,6529,5275,2903,3977,727,100000,150.000000,0.000435,0.000352,0.000194,0.000265
2,396,1,15000000,6344,4854,2881,3960,1289,100000,150.000000,0.000423,0.000324,0.000192,0.000264
2,397,1,15000000,6448,5323,2822,3734,973,100000,150.000000,0.000430,0.000355,0.000188,0.000249
2,398,1,15000000,6459,4711,2753,3959,1130,100000,150.000000,0.000431,0.000314,0.000184,0.000264
2,399,1,15000000,6080,4608,2778,3731,1101,100000,150.000000,0.000405,0.000307,0.000185,0.000249
2,400,1,15000000,6545,4536,2668,3954,1138,100000,150.000000,0.000436,0.000302,0.000178,0.000264
2,401,1,15000000,6401,5190,2754,3956,1236,100000,150.000000,0.000427,0.000346,0.000184,0.000264
2,402,1,15000000,6455,4668,2668,3966,1175,100000,150.000000,0.000430,0.000311,0.000178,0.000264
2,403,1,15000000,6170,4509,2763,3716,1158,100000,150.000000,0.000411,0.000301,0.000184,0.000248
2,404,1,15000000,6704,4290,2668,3956,1169,100000,150.000000,0.000447,0.000286,0.000178,0.000264
2,405,1,15000000,6734,4905,2764,3969,1288,100000,150.000000,0.000449,0.000327,0.000184,0.000265
2,406,1,15000000,6285,5433,2848,3977,965,100000,150.000000,0.000419,0.000362,0.000190,0.000265
2,407,1,15000000,6288,4782,2902,3727,1302,100000,150.000000,0.000419,0.000319,0.000193,0.000248
2,408,1,15000000,6652,4600,2902,3961,1020,100000,150.000000,0.000443,0.000307,0.000193,0.000264
2,409,1,15000000,6612,5339,2902,3742,1220,100000,150.000000,0.000441,0.000356,0.000193,0.000249
2,410,1,15000000,6498,4833,2753,3958,1100,100000,150.000000,0.000433,0.000322,0.000184,0.000264
2,411,1,15000000,6296,5230,2902,3725,845,100000,150.000000,0.000420,0.000349,0.000193,0.000248
2,412,1,15000000,6320,5100,2669,3978,1129,100000,150.000000,0.000421,0.000340,0.000178,0.000265
2,413,1,15000000,6076,4669,2763,3735,1332,100000,150.000000,0.000405,0.000311,0.000184,0.000249
2,414,1,15000000,6484,4625,2763,3979,1404,100000,150.000000,0.000432,0.000308,0.000184,0.000265
2,415,1,15000000,6327,5285,2883,3963,1008,100000,150.000000,0.000422,0.000352,0.000192,0.000264
2,416,1,15000000,6497,5012,2669,3981,957,100000,150.000000,0.000433,0.000334,0.000178,0.000265
2,417,1,15000000,6249,4851,2875,3950,1466,100000,150.000000,0.000417,0.000323,0.000192,0.000263
2,418,1,15000000,6336,4953,2902,3976,765,100000,150.000000,0.000422,0.000330,0.000193,0.000265
2,419,1,15000000,6342,5059,2708,3969,969,100000,150.000000,0.000423,0.000337,0.000181,0.000265
2,420,1,15000000,6535,4895,2847,3972,1241,100000,150.000000,0.000436,0.000326,0.000190,0.000265
2,421,1,15000000,6675,4953,2762,3969,934,100000,150.000000,0.000445,0.000330,0.000184,0.000265
2,422,1,15000000,6347,5589,2671,3942,1271,100000,150.000000,0.000423,0.000373,0.000178,0.000263
2,423,1,15000000,6493,5297,2653,3967,834,100000,150.000000,0.000433,0.000353,0.000177,0.000264
2,424,1,15000000,6687,4910,2763,3961,1190,100000,150.000000,0.000446,0.000327,0.000184,0.000264
2,425,1,15000000,6548,5128,2655,3718,843,100000,150.000000,0.000437,0.000342,0.000177,0.000248
2,426,1,15000000,6552,5401,2670,3720,1214,100000,150.000000,0.000437,0.000360,0.000178,0.000248
2,427,1,15000000,6368,4867,2670,3713,955,100000,150.000000,0.000425,0.000324,0.000178,0.000248
2,428,1,15000000,6669,5135,2888,3979,947,100000,150.000000,0.000445,0.000342,0.000193,0.000265
2,429,1,15000000,6756,4658,2764,3955,1530,100000,150.000000,0.000450,0.000311,0.000184,0.000264
2,430,1,15000000,6567,4608,2888,3968,1184,100000,150.000000,0.000438,0.000307,0.000193,0.000265
2,431,1,15000000,6408,5553,2671,3925,957,100000,150.000000,0.000427,0.000370,0.000178,0.000262
2,432,1,15000000,6529,3951,2674,3733,1110,100000,150.000000,0.000435,0.000263,0.000178,0.000249
2,433,1,15000000,6401,4946,2669,3960,850,100000,150.000000,0.000427,0.000330,0.000178,0.000264
2,434,1,15000000,6545,4267,2709,3728,950,100000,150.000000,0.000436,0.000284,0.000181,0.000249
2,435,1,15000000,6304,5590,2789,3968,922,100000,150.000000,0.000420,0.000373,0.000186,0.000265
2,436,1,15000000,6576,5671,2746,3967,917,100000,150.000000,0.000438,0.000378,0.000183,0.000264
2,437,1,15000000,6394,4631,2902,3962,1077,100000,150.000000,0.000426,0.000309,0.000193,0.000264
2,438,1,15000000,6312,5020,2902,3714,991,100000,150.000000,0.000421,0.000335,0.000193,0.000248
2,439,1,15000000,6410,5030,2687,3961,995,100000,150.000000,0.000427,0.000335,0.000179,0.000264
2,440,1,15000000,6129,5412,2738,3716,1237,100000,150.000000,0.000409,0.000361,0.000183,0.000248
2,441,1,15000000,6598,5018,2854,3973,753,100000,150.000000,0.000440,0.000335,0.000190,0.000265
2,442,1,15000000,6267,5218,2902,3966,1039,100000,150.000000,0.000418,0.000348,0.000193,0.000264
2,443,1,15000000,6664,5503,2778,3964,1035,100000,150.000000,0.000444,0.000367,0.000185,0.000264
2,444,1,15000000,6206,5257,2844,3729,1202,100000,150.000000,0.000414,0.000350,0.000190,0.000249
2,445,1,15000000,6463,5078,2685,3963,1213,100000,150.000000,0.000431,0.000339,0.000179,0.000264
2,446,1,15000000,6811,5093,2902,3732,1269,100000,150.000000,0.000454,0.000340,0.000193,0.000249
2,447,1,15000000,6137,5377,2902,3953,572,100000,150.000000,0.000409,0.000358,0.000193,0.000264
2,448,1,15000000,6214,4572,2902,3971,964,100000,150.000000,0.000414,0.000305,0.000193,0.000265
2,449,1,15000000,6626,4938,2902,3964,995,100000,150.000000,0.000442,0.000329,0.000193,0.000264
2,450,1,15000000,5993,5204,2903,3728,1195,100000,150.000000,0.000400,0.000347,0.000194,0.000249
2,451,1,15000000,6422,4853,2872,3975,943,100000,150.000000,0.000428,0.000324,0.000191,0.000265
2,452,1,15000000,6078,5090,2668,3729,943,100000,150.000000,0.000405,0.000339,0.000178,0.000249
2,453,1,15000000,6460,4897,2689,3962,1239,100000,150.000000,0.000431,0.000326,0.000179,0.000264
2,454,1,15000000,6572,4933,2670,3720,883,100000,150.000000,0.000438,0.000329,0.000178,0.000248
2,455,1,15000000,6660,4726,2686,3953,1613,100000,150.000000,0.000444,0.000315,0.000179,0.000264
2,456,1,15000000,6758,4895,2668,3734,927,100000,150.000000,0.000451,0.000326,0.000178,0.000249
2,457,1,15000000,6465,4885,2755,3955,1209,100000,150.000000,0.000431,0.000326,0.000184,0.000264
2,458,1,15000000,6508,5582,2669,3970,821,100000,150.000000,0.000434,0.000372,0.000178,0.000265
2,459,1,15000000,6569,4202,2777,3963,1284,100000,150.000000,0.000438,0.000280,0.000185,0.000264
2,460,1,15000000,6413,4991,2756,3745,850,100000,150.000000,0.000428,0.000333,0.000184,0.000250
2,461,1,15000000,6590,4334,2708,3960,1124,100000,150.000000,0.000439,0.000289,0.000181,0.000264
2,462,1,15000000,6106,4876,2762,3742,996,100000,150.000000,0.000407,0.000325,0.000184,0.000249
2,463,1,15000000,6314,5744,2778,3971,873,100000,150.000000,0.000421,0.000383,0.000185,0.000265
2,464,1,15000000,6358,5118,2757,3984,818,100000,150.000000,0.000424,0.000341,0.000184,0.000266
2,465,1,15000000,6227,4423,2903,3946,1088,100000,150.000000,0.000415,0.000295,0.000194,0.000263
2,466,1,15000000,6449,5529,2709,3978,1005,100000,150.000000,0.000430,0.000369,0.000181,0.000265
2,467,1,15000000,6810,5162,2763,3940,1058,100000,150.000000,0.000454,0.000344,0.000184,0.000263
2,468,1,15000000,6492,4971,2881,3945,1192,100000,150.000000,0.000433,0.000331,0.000192,0.000263
2,469,1,15000000,6869,5136,2778,3961,1514,100000,150.000000,0.000458,0.000342,0.000185,0.000264
2,470,1,15000000,6702,4299,2753,3962,949,100000,150.000000,0.000447,0.000287,0.000184,0.000264
2,471,1,15000000,6489,4763,2866,3955,1557,100000,150.000000,0.000433,0.000318,0.000191,0.000264
2,472,1,15000000,6572,4767,2756,3956,1545,100000,150.000000,0.000438,0.000318,0.000184,0.000264
2,473,1,15000000,6620,5315,2884,3968,1159,100000,150.000000,0.000441,0.000354,0.000192,0.000265
2,474,1,15000000,6340,4752,2756,3731,684,100000,150.000000,0.000423,0.000317,0.000184,0.000249
2,475,1,15000000,6619,4642,2756,3950,1438,100000,150.000000,0.000441,0.000309,0.000184,0.000263
2,476,1,15000000,6508,4719,2675,3984,1155,100000,150.000000,0.000434,0.000315,0.000178,0.000266
2,477,1,15000000,6124,5004,2650,3960,1244,100000,150.000000,0.000408,0.000334,0.000177,0.000264
2,478,1,15000000,6778,5269,2685,3960,728,100000,150.000000,0.000452,0.000351,0.000179,0.000264
2,479,1,15000000,6639,4887,2685,3971,1179,100000,150.000000,0.000443,0.000326,0.000179,0.000265
2,480,1,15000000,6136,4897,2836,3966,1197,100000,150.000000,0.000409,0.000326,0.000189,0.000264
2,481,1,15000000,6838,4881,2835,3944,1103,100000,150.000000,0.000456,0.000325,0.000189,0.000263
2,482,1,15000000,6589,5010,2717,3931,1066,100000,150.000000,0.000439,0.000334,0.000181,0.000262
2,483,1,15000000,6544,4507,2881,3945,1222,100000,150.000000,0.000436,0.000300,0.000192,0.000263
2,484,1,15000000,6487,4386,2733,3945,873,100000,150.000000,0.000432,0.000292,0.000182,0.000263
2,485,1,15000000,6472,4500,2881,3944,995,100000,150.000000,0.000431,0.000300,0.000192,0.000263
2,486,1,15000000,6148,4832,2717,3947,1020,100000,150.000000,0.000410,0.000322,0.000181,0.000263
2,487,1,15000000,6977,4581,2882,3936,1084,100000,150.000000,0.000465,0.000305,0.000192,0.000262
2,488,1,15000000,6115,5567,2665,3899,1303,100000,150.000000,0.000408,0.000371,0.000178,0.000260
2,489,1,15000000,6409,5176,2903,3952,1300,100000,150.000000,0.000427,0.000345,0.000194,0.000263
2,490,1,15000000,6432,4630,2765,3948,1491,100000,150.000000,0.000429,0.000309,0.000184,0.000263
2,491,1,15000000,6628,4973,2894,3942,1337,100000,150.000000,0.000442,0.000332,0.000193,0.000263
2,492,1,15000000,6454,4914,2881,3940,1238,100000,150.000000,0.000430,0.000328,0.000192,0.000263
2,493,1,15000000,6339,5155,2763,3948,905,100000,150.000000,0.000423,0.000344,0.000184,0.000263
2,494,1,15000000,6821,5302,2717,3940,625,100000,150.000000,0.000455,0.000353,0.000181,0.000263
2,495,1,15000000,6309,4618,2881,3954,1270,100000,150.000000,0.000421,0.000308,0.000192,0.000264
2,496,1,15000000,6128,4711,2756,3933,1075,100000,150.000000,0.000409,0.000314,0.000184,0.000262
2,497,1,15000000,6392,4865,2742,3942,1146,100000,150.000000,0.000426,0.000324,0.000183,0.000263
2,498,1,15000000,6648,4674,2850,3923,1120,100000,150.000000,0.000443,0.000312,0.000190,0.000262
2,499,1,15000000,6685,5410,2882,3962,1075,100000,150.000000,0.000446,0.000361,0.000192,0.000264
2,500,1,15000000,6335,4755,2664,3949,1344,100000,150.000000,0.000422,0.000317,0.000178,0.000263
2,501,1,15000000,6851,4437,2724,3953,1321,100000,150.000000,0.000457,0.000296,0.000182,0.000264
2,502,1,15000000,6588,5167,2718,3931,736,100000,150.000000,0.000439,0.000344,0.000181,0.000262
2,503,1,15000000,6459,5290,2882,3966,991,100000,150.000000,0.000431,0.000353,0.000192,0.000264
2,504,1,15000000,6254,4814,2742,3922,1297,100000,150.000000,0.000417,0.000321,0.000183,0.000261
2,505,1,15000000,6790,4901,2708,3973,1060,100000,150.000000,0.000453,0.000327,0.000181,0.000265
2,506,1,15000000,6370,4803,2664,3954,970,100000,150.000000,0.000425,0.000320,0.000178,0.000264
2,507,1,15000000,6086,4972,2756,3956,1393,100000,150.000000,0.000406,0.000331,0.000184,0.000264
2,508,1,15000000,6241,4911,2904,3958,1075,100000,150.000000,0.000416,0.000327,0.000194,0.000264
2,509,1,15000000,6409,4682,2667,3930,1289,100000,150.000000,0.000427,0.000312,0.000178,0.000262
2,510,1,15000000,6663,4865,2664,3956,1139,100000,150.000000,0.000444,0.000324,0.000178,0.000264
2,511,1,15000000,6532,4926,2686,3968,1116,100000,150.000000,0.000435,0.000328,0.000179,0.000265
2,512,1,15000000,6203,4669,2903,3930,1004,100000,150.000000,0.000414,0.000311,0.000194,0.000262
2,513,1,15000000,6233,4922,2738,3943,1091,100000,150.000000,0.000416,0.000328,0.000183,0.000263
2,514,1,15000000,6409,4682,2757,3925,1274,100000,150.000000,0.000427,0.000312,0.000184,0.000262
2,515,1,15000000,6397,5151,2665,3966,717,100000,150.000000,0.000426,0.000343,0.000178,0.000264
2,516,1,15000000,6285,5019,2881,3944,1015,100000,150.000000,0.000419,0.000335,0.000192,0.000263
2,517,1,15000000,6361,5253,2664,3963,1122,100000,150.000000,0.000424,0.000350,0.000178,0.000264
2,518,1,15000000,6580,5115,2758,3933,1132,100000,150.000000,0.000439,0.000341,0.000184,0.000262
2,519,1,15000000,6007,4561,2903,3938,1124,100000,150.000000,0.000400,0.000304,0.000194,0.000263
2,520,1,15000000,6718,5020,2724,3948,1368,100000,150.000000,0.000448,0.000335,0.000182,0.000263
2,521,1,15000000,6601,4465,2718,3945,1077,100000,150.000000,0.000440,0.000298,0.000181,0.000263
2,522,1,15000000,6487,5278,2883,3932,851,100000,150.000000,0.000432,0.000352,0.000192,0.000262
2,523,1,15000000,6528,4626,2881,3943,742,100000,150.000000,0.000435,0.000308,0.000192,0.000263
2,524,1,15000000,6635,5565,2881,3936,864,100000,150.000000,0.000442,0.000371,0.000192,0.000262
2,525,1,15000000,6175,4855,2725,3944,1096,100000,150.000000,0.000412,0.000324,0.000182,0.000263
2,526,1,15000000,6239,5473,2735,3955,832,100000,150.000000,0.000416,0.000365,0.000182,0.000264
2,527,1,15000000,6710,4946,2757,3934,650,100000,150.000000,0.000447,0.000330,0.000184,0.000262
2,528,1,15000000,6211,4579,2747,3944,1227,100000,150.000000,0.000414,0.000305,0.000183,0.000263
2,529,1,15000000,6372,5445,2798,3958,782,100000,150.000000,0.000425,0.000363,0.000187,0.000264
2,530,1,15000000,6466,5338,2882,3942,939,100000,150.000000,0.000431,0.000356,0.000192,0.000263
2,531,1,15000000,6497,4159,2881,3938,1211,100000,150.000000,0.000433,0.000277,0.000192,0.000263
2,532,1,15000000,6398,4420,2881,3930,1173,100000,150.000000,0.000427,0.000295,0.000192,0.000262
2,533,1,15000000,6228,4594,2881,3898,1319,100000,150.000000,0.000415,0.000306,0.000192,0.000260
2,534,1,15000000,6362,4753,2775,3947,1095,100000,150.000000,0.000424,0.000317,0.000185,0.000263
2,535,1,15000000,6594,5406,2758,3932,1306,100000,150.000000,0.000440,0.000360,0.000184,0.000262
2,536,1,15000000,6702,4968,2876,3948,664,100000,150.000000,0.000447,0.000331,0.000192,0.000263
2,537,1,15000000,6458,4501,2665,3924,1051,100000,150.000000,0.000431,0.000300,0.000178,0.000262
2,538,1,15000000,6737,4637,2665,3939,964,100000,150.000000,0.000449,0.000309,0.000178,0.000263
2,539,1,15000000,6695,5304,2881,3924,1175,100000,150.000000,0.000446,0.000354,0.000192,0.000262
2,540,1,15000000,6580,4852,2758,3945,1228,100000,150.000000,0.000439,0.000323,0.000184,0.000263
2,541,1,15000000,6253,5521,2796,3940,1121,100000,150.000000,0.000417,0.000368,0.000186,0.000263
2,542,1,15000000,6334,5263,2736,3952,883,100000,150.000000,0.000422,0.000351,0.000182,0.000263
2,543,1,15000000,6305,5046,2852,3921,867,100000,150.000000,0.000420,0.000336,0.000190,0.000261
2,544,1,15000000,6503,4930,2665,3927,1483,100000,150.000000,0.000434,0.000329,0.000178,0.000262
2,545,1,15000000,6743,5218,2881,3926,1360,100000,150.000000,0.000450,0.000348,0.000192,0.000262
2,546,1,15000000,6447,4941,2764,3946,1147,100000,150.000000,0.000430,0.000329,0.000184,0.000263
2,547,1,15000000,6434,4611,2881,3940,1507,100000,150.000000,0.000429,0.000307,0.000192,0.000263
2,548,1,15000000,6673,4857,2904,3966,1211,100000,150.000000,0.000445,0.000324,0.000194,0.000264
2,549,1,15000000,6290,5365,2665,3939,1062,100000,150.000000,0.000419,0.000358,0.000178,0.000263
2,550,1,15000000,6576,5455,2687,3950,760,100000,150.000000,0.000438,0.000364,0.000179,0.000263
2,551,1,15000000,6663,4975,2741,3951,1259,100000,150.000000,0.000444,0.000332,0.000183,0.000263
2,552,1,15000000,6356,4664,2881,3963,996,100000,150.000000,0.000424,0.000311,0.000192,0.000264
2,553,1,15000000,6530,5042,2903,3941,904,100000,150.000000,0.000435,0.000336,0.000194,0.000263
2,554,1,15000000,6527,4588,2667,3974,1119,100000,150.000000,0.000435,0.000306,0.000178,0.000265
2,555,1,15000000,6488,5314,2664,3957,958,100000,150.000000,0.000433,0.000354,0.000178,0.000264
2,556,1,15000000,6319,5286,2784,3936,872,100000,150.000000,0.000421,0.000352,0.000186,0.000262
2,557,1,15000000,6465,4851,2717,3914,1035,100000,150.000000,0.000431,0.000323,0.000181,0.000261
2,558,1,15000000,6232,5302,2845,3934,908,100000,150.000000,0.000415,0.000353,0.000190,0.000262
2,559,1,15000000,6428,4988,2741,3950,1287,100000,150.000000,0.000429,0.000333,0.000183,0.000263
2,560,1,15000000,6406,4579,2881,3969,1590,100000,150.000000,0.000427,0.000305,0.000192,0.000265
2,561,1,15000000,6527,4816,2882,3931,1262,100000,150.000000,0.000435,0.000321,0.000192,0.000262
2,562,1,15000000,6491,4793,2666,3959,1343,100000,150.000000,0.000433,0.000320,0.000178,0.000264
2,563,1,15000000,6152,5694,2881,3933,1000,100000,150.000000,0.000410,0.000380,0.000192,0.000262
2,564,1,15000000,6403,4889,2903,3960,1087,100000,150.000000,0.000427,0.000326,0.000194,0.000264
2,565,1,15000000,6333,5315,2756,3946,1204,100000,150.000000,0.000422,0.000354,0.000184,0.000263
2,566,1,15000000,6761,4282,2905,3929,984,100000,150.000000,0.000451,0.000285,0.000194,0.000262
2,567,1,15000000,6558,5328,2763,3914,1062,100000,150.000000,0.000437,0.000355,0.000184,0.000261
2,568,1,15000000,6519,4944,2881,3931,1227,100000,150.000000,0.000435,0.000330,0.000192,0.000262
2,569,1,15000000,6320,4681,2840,3946,1211,100000,150.000000,0.000421,0.000312,0.000189,0.000263
2,570,1,15000000,6617,5171,2741,3948,812,100000,150.000000,0.000441,0.000345,0.000183,0.000263
2,571,1,15000000,6404,4893,2873,3951,1121,100000,150.000000,0.000427,0.000326,0.000192,0.000263
2,572,1,15000000,6269,4543,2881,3938,926,100000,150.000000,0.000418,0.000303,0.000192,0.000263
2,573,1,15000000,6496,4507,2718,3924,1075,100000,150.000000,0.000433,0.000300,0.000181,0.000262
2,574,1,15000000,6771,5304,2664,3943,1064,100000,150.000000,0.000451,0.000354,0.000178,0.000263
2,575,1,15000000,6167,4931,2881,3941,1464,100000,150.000000,0.000411,0.000329,0.000192,0.000263
2,576,1,15000000,6780,4472,2686,3951,1531,100000,150.000000,0.000452,0.000298,0.000179,0.000263
2,577,1,15000000,6327,5363,2727,3941,1188,100000,150.000000,0.000422,0.000358,0.000182,0.000263
2,578,1,15000000,6114,4254,2881,3904,1072,100000,150.000000,0.000408,0.000284,0.000192,0.000260
2,579,1,15000000,6496,4716,2724,3947,1285,100000,150.000000,0.000433,0.000314,0.000182,0.000263
2,580,1,15000000,6300,4520,2718,3933,1070,100000,150.000000,0.000420,0.000301,0.000181,0.000262
2,581,1,15000000,6513,5122,2881,3944,1556,100000,150.000000,0.000434,0.000341,0.000192,0.000263
2,582,1,15000000,6527,5121,2881,3926,1376,100000,150.000000,0.000435,0.000341,0.000192,0.000262
2,583,1,15000000,6332,5059,2903,3942,975,100000,150.000000,0.000422,0.000337,0.000194,0.000263
2,584,1,15000000,6712,4075,2742,3931,1151,100000,150.000000,0.000447,0.000272,0.000183,0.000262
2,585,1,15000000,6571,5172,2717,3961,831,100000,150.000000,0.000438,0.000345,0.000181,0.000264
2,586,1,15000000,6286,4634,2718,3935,1297,100000,150.000000,0.000419,0.000309,0.000181,0.000262
2,587,1,15000000,6595,5149,2866,3960,1177,100000,150.000000,0.000440,0.000343,0.000191,0.000264
2,588,1,15000000,6384,5113,2756,3940,1263,100000,150.000000,0.000426,0.000341,0.000184,0.000263
2,589,1,15000000,6496,4632,2881,3961,1107,100000,150.000000,0.000433,0.000309,0.000192,0.000264
2,590,1,15000000,6154,5171,2881,3958,1059,100000,150.000000,0.000410,0.000345,0.000192,0.000264
2,591,1,15000000,6334,4936,2904,3957,1063,100000,150.000000,0.000422,0.000329,0.000194,0.000264
2,592,1,15000000,6590,4851,2904,3940,629,100000,150.000000,0.000439,0.000323,0.000194,0.000263
2,593,1,15000000,6131,5055,2719,3947,867,100000,150.000000,0.000409,0.000337,0.000181,0.000263
2,594,1,15000000,6256,5024,2877,3949,1226,100000,150.000000,0.000417,0.000335,0.000192,0.000263
2,595,1,15000000,6603,5464,2904,3966,1194,100000,150.000000,0.000440,0.000364,0.000194,0.000264
2,596,1,15000000,6488,5195,2881,3944,1108,100000,150.000000,0.000433,0.000346,0.000192,0.000263
2,597,1,15000000,6491,5325,2734,3950,1041,100000,150.000000,0.000433,0.000355,0.000182,0.000263
2,598,1,15000000,6218,5413,2882,3916,892,100000,150.000000,0.000415,0.000361,0.000192,0.000261
2,599,1,15000000,6279,4738,2881,3956,1255,100000,150.000000,0.000419,0.000316,0.000192,0.000264
2,600,2,15000000,6034,5043,2665,3027,688,100000,150.000000,0.000402,0.000336,0.000178,0.000202
2,601,2,15000000,5542,4775,2882,3289,758,100000,150.000000,0.000369,0.000318,0.000192,0.000219
2,602,2,15000000,5682,3957,2882,3042,565,100000,150.000000,0.000379,0.000264,0.000192,0.000203
2,603,2,15000000,5763,4541,2903,3057,851,100000,150.000000,0.000384,0.000303,0.000194,0.000204
2,604,2,15000000,5624,4720,2904,3044,616,100000,150.000000,0.000375,0.000315,0.000194,0.000203
2,605,2,15000000,5964,4957,2882,3285,687,100000,150.000000,0.000398,0.000330,0.000192,0.000219
2,606,2,15000000,5773,4356,2882,3033,784,100000,150.000000,0.000385,0.000290,0.000192,0.000202
2,607,2,15000000,5530,4922,2734,3055,617,100000,150.000000,0.000369,0.000328,0.000182,0.000204
2,608,2,15000000,5558,4199,2719,3027,605,100000,150.000000,0.000371,0.000280,0.000181,0.000202
2,609,2,15000000,5393,4798,2827,3282,924,100000,150.000000,0.000360,0.000320,0.000188,0.000219
2,610,2,15000000,5821,4601,2881,3038,774,100000,150.000000,0.000388,0.000307,0.000192,0.000203
2,611,2,15000000,5546,4370,2798,3053,1013,100000,150.000000,0.000370,0.000291,0.000187,0.000204
2,612,2,15000000,5565,4351,2882,3045,741,100000,150.000000,0.000371,0.000290,0.000192,0.000203
2,613,2,15000000,5476,4748,2756,3271,849,100000,150.000000,0.000365,0.000317,0.000184,0.000218
2,614,2,15000000,5602,4768,2665,3030,478,100000,150.000000,0.000373,0.000318,0.000178,0.000202
2,615,2,15000000,5514,4407,2905,3051,676,100000,150.000000,0.000368,0.000294,0.000194,0.000203
2,616,2,15000000,5847,4941,2881,3018,577,100000,150.000000,0.000390,0.000329,0.000192,0.000201
2,617,2,15000000,5649,4144,2756,3269,887,100000,150.000000,0.000377,0.000276,0.000184,0.000218
2,618,2,15000000,5650,4336,2735,3029,743,100000,150.000000,0.000377,0.000289,0.000182,0.000202
2,619,2,15000000,5857,4540,2734,3053,577,100000,150.000000,0.000390,0.000303,0.000182,0.000204
2,620,2,15000000,5466,4452,2904,3037,869,100000,150.000000,0.000364,0.000297,0.000194,0.000202
2,621,2,15000000,5745,4058,2882,3281,931,100000,150.000000,0.000383,0.000271,0.000192,0.000219
2,622,2,15000000,5809,4944,2905,3016,1002,100000,150.000000,0.000387,0.000330,0.000194,0.000201
2,623,2,15000000,5388,4549,2882,3061,904,100000,150.000000,0.000359,0.000303,0.000192,0.000204
2,624,2,15000000,5583,4408,2903,3028,1025,100000,150.000000,0.000372,0.000294,0.000194,0.000202
2,625,2,15000000,5947,4589,2706,3256,1008,100000,150.000000,0.000396,0.000306,0.000180,0.000217
2,626,2,15000000,5866,4129,2756,3022,585,100000,150.000000,0.000391,0.000275,0.000184,0.000201
2,627,2,15000000,5555,4910,2882,3047,903,100000,150.000000,0.000370,0.000327,0.000192,0.000203
2,628,2,15000000,5478,4893,2881,3038,714,100000,150.000000,0.000365,0.000326,0.000192,0.000203
2,629,2,15000000,5521,4896,2881,3272,894,100000,150.000000,0.000368,0.000326,0.000192,0.000218
2,630,2,15000000,5515,4521,2882,3037,388,100000,150.000000,0.000368,0.000301,0.000192,0.000202
2,631,2,15000000,5558,4004,2718,3053,688,100000,150.000000,0.000371,0.000267,0.000181,0.000204
2,632,2,15000000,6072,4504,2881,3026,613,100000,150.000000,0.000405,0.000300,0.000192,0.000202
2,633,2,15000000,5313,4489,2881,3285,574,100000,150.000000,0.000354,0.000299,0.000192,0.000219
2,634,2,15000000,5467,4305,2757,3041,770,100000,150.000000,0.000364,0.000287,0.000184,0.000203
2,635,2,15000000,5331,4561,2666,3061,876,100000,150.000000,0.000355,0.000304,0.000178,0.000204
2,636,2,15000000,5754,4286,2881,3039,647,100000,150.000000,0.000384,0.000286,0.000192,0.000203
2,637,2,15000001,5533,4676,2882,3275,683,100000,150.000015,0.000369,0.000312,0.000192,0.000218
2,638,2,14999999,5743,4238,2873,3036,686,100000,149.999985,0.000383,0.000283,0.000192,0.000202
2,639,2,15000000,5760,4445,2867,3062,634,100000,150.000000,0.000384,0.000296,0.000191,0.000204
2,640,2,15000000,5786,4660,2665,3046,705,100000,150.000000,0.000386,0.000311,0.000178,0.000203
2,641,2,15000001,5473,4238,2883,3283,825,100000,150.000015,0.000365,0.000283,0.000192,0.000219
2,642,2,14999999,5896,4182,2881,3020,859,100000,149.999985,0.000393,0.000279,0.000192,0.000201
2,643,2,15000000,6028,4640,2881,3056,638,100000,150.000000,0.000402,0.000309,0.000192,0.000204
2,644,2,15000000,5879,5094,2873,3028,423,100000,150.000000,0.000392,0.000340,0.000192,0.000202
2,645,2,15000000,5895,4759,2687,3268,838,100000,150.000000,0.000393,0.000317,0.000179,0.000218
2,646,2,15000000,5565,4433,2904,3037,613,100000,150.000000,0.000371,0.000296,0.000194,0.000202
2,647,2,15000000,5604,4325,2758,3055,792,100000,150.000000,0.000374,0.000288,0.000184,0.000204
2,648,2,15000000,5804,4405,2881,3042,838,100000,150.000000,0.000387,0.000294,0.000192,0.000203
2,649,2,15000000,5521,4751,2883,3285,830,100000,150.000000,0.000368,0.000317,0.000192,0.000219
2,650,2,15000000,5613,4784,2882,3032,891,100000,150.000000,0.000374,0.000319,0.000192,0.000202
2,651,2,15000000,5883,4221,2903,3056,1013,100000,150.000000,0.000392,0.000281,0.000194,0.000204
2,652,2,15000000,5793,4132,2718,3048,357,100000,150.000000,0.000386,0.000275,0.000181,0.000203
2,653,2,15000000,5767,4389,2718,3268,648,100000,150.000000,0.000384,0.000293,0.000181,0.000218
2,654,2,15000000,5672,4264,2687,3030,592,100000,150.000000,0.000378,0.000284,0.000179,0.000202
2,655,2,15000000,5597,4652,2717,3064,758,100000,150.000000,0.000373,0.000310,0.000181,0.000204
2,656,2,15000000,5349,4471,2763,3038,755,100000,150.000000,0.000357,0.000298,0.000184,0.000203
2,657,2,15000000,5732,4356,2751,3276,1010,100000,150.000000,0.000382,0.000290,0.000183,0.000218
2,658,2,15000000,5656,4313,2881,3038,802,100000,150.000000,0.000377,0.000288,0.000192,0.000203
2,659,2,15000000,5916,4720,2735,3034,557,100000,150.000000,0.000394,0.000315,0.000182,0.000202
2,660,2,15000000,5683,4150,2882,3015,856,100000,150.000000,0.000379,0.000277,0.000192,0.000201
2,661,2,15000000,5718,4275,2881,3261,812,100000,150.000000,0.000381,0.000285,0.000192,0.000217
2,662,2,15000000,5422,4291,2904,3009,703,100000,150.000000,0.000361,0.000286,0.000194,0.000201
2,663,2,15000000,5917,4703,2667,3025,556,100000,150.000000,0.000394,0.000314,0.000178,0.000202
2,664,2,15000000,5563,4292,2904,3017,735,100000,150.000000,0.000371,0.000286,0.000194,0.000201
2,665,2,15000000,6027,5073,2687,3240,875,100000,150.000000,0.000402,0.000338,0.000179,0.000216
2,666,2,15000000,5645,4247,2882,3029,836,100000,150.000000,0.000376,0.000283,0.000192,0.000202
2,667,2,15000000,5480,4779,2687,3037,637,100000,150.000000,0.000365,0.000319,0.000179,0.000202
2,668,2,15000000,5532,4272,2882,3025,915,100000,150.000000,0.000369,0.000285,0.000192,0.000202
2,669,2,15000000,5651,4756,2737,3254,922,100000,150.000000,0.000377,0.000317,0.000182,0.000217
2,670,2,15000000,5523,4628,2664,3017,1148,100000,150.000000,0.000368,0.000309,0.000178,0.000201
2,671,2,15000000,5812,4275,2726,3045,1022,100000,150.000000,0.000387,0.000285,0.000182,0.000203
2,672,2,15000000,5682,4253,2881,3039,568,100000,150.000000,0.000379,0.000284,0.000192,0.000203
2,673,2,15000000,5279,4917,2734,3254,752,100000,150.000000,0.000352,0.000328,0.000182,0.000217
2,674,2,15000000,5760,4147,2665,3024,629,100000,150.000000,0.000384,0.000276,0.000178,0.000202
2,675,2,15000000,5742,4984,2686,3025,694,100000,150.000000,0.000383,0.000332,0.000179,0.000202
2,676,2,15000000,5506,4031,2719,3025,835,100000,150.000000,0.000367,0.000269,0.000181,0.000202
2,677,2,15000000,5641,4407,2904,3257,854,100000,150.000000,0.000376,0.000294,0.000194,0.000217
2,678,2,15000000,5887,3927,2735,3026,958,100000,150.000000,0.000392,0.000262,0.000182,0.000202
2,679,2,15000000,5816,4541,2668,3030,540,100000,150.000000,0.000388,0.000303,0.000178,0.000202
2,680,2,15000000,5577,4516,2904,3038,1114,100000,150.000000,0.000372,0.000301,0.000194,0.000203
2,681,2,15000000,5418,4311,2688,3268,897,100000,150.000000,0.000361,0.000287,0.000179,0.000218
2,682,2,15000000,5618,4222,2758,3040,1153,100000,150.000000,0.000375,0.000281,0.000184,0.000203
2,683,2,15000000,6110,4661,2903,3025,640,100000,150.000000,0.000407,0.000311,0.000194,0.000202
2,684,2,15000000,5609,4410,2734,3018,803,100000,150.000000,0.000374,0.000294,0.000182,0.000201
2,685,2,15000000,5638,4437,2882,3260,754,100000,150.000000,0.000376,0.000296,0.000192,0.000217
2,686,2,15000000,5672,4390,2836,3010,505,100000,150.000000,0.000378,0.000293,0.000189,0.000201
2,687,2,15000000,5945,4801,2734,3038,427,100000,150.000000,0.000396,0.000320,0.000182,0.000203
2,688,2,15000000,5671,4350,2904,3026,690,100000,150.000000,0.000378,0.000290,0.000194,0.000202
2,689,2,15000000,5445,4922,2881,3248,879,100000,150.000000,0.000363,0.000328,0.000192,0.000217
2,690,2,15000000,5545,4696,2781,3014,704,100000,150.000000,0.000370,0.000313,0.000185,0.000201
2,691,2,15000000,5962,5237,2881,3025,870,100000,150.000000,0.000397,0.000349,0.000192,0.000202
2,692,2,15000000,5557,4496,2905,3013,588,100000,150.000000,0.000370,0.000300,0.000194,0.000201
2,693,2,15000001,5485,4451,2881,3243,1315,100000,150.000015,0.000366,0.000297,0.000192,0.000216
2,694,2,14999999,5872,4396,2881,3020,871,100000,149.999985,0.000391,0.000293,0.000192,0.000201
2,695,2,15000000,5554,4647,2904,3044,638,100000,150.000000,0.000370,0.000310,0.000194,0.000203
2,696,2,15000000,5893,4317,2687,3034,564,100000,150.000000,0.000393,0.000288,0.000179,0.000202
2,697,2,15000000,5441,4582,2715,3276,955,100000,150.000000,0.000363,0.000305,0.000181,0.000218
2,698,2,15000000,6092,4791,2883,3027,474,100000,150.000000,0.000406,0.000319,0.000192,0.000202
2,699,2,15000000,5779,4460,2903,3049,734,100000,150.000000,0.000385,0.000297,0.000194,0.000203
2,700,2,15000000,5687,5006,2725,3028,765,100000,150.000000,0.000379,0.000334,0.000182,0.000202
2,701,2,15000000,5521,4483,2717,3260,927,100000,150.000000,0.000368,0.000299,0.000181,0.000217
2,702,2,15000000,5856,4833,2750,3033,449,100000,150.000000,0.000390,0.000322,0.000183,0.000202
2,703,2,15000000,5872,4506,2687,3038,625,100000,150.000000,0.000391,0.000300,0.000179,0.000203
2,704,2,15000000,5726,4847,2903,3042,796,100000,150.000000,0.000382,0.000323,0.000194,0.000203
2,705,2,15000000,5566,4714,2665,3260,631,100000,150.000000,0.000371,0.000314,0.000178,0.000217
2,706,2,15000000,5600,3945,2905,3033,771,100000,150.000000,0.000373,0.000263,0.000194,0.000202
2,707,2,15000000,5702,5032,2881,3033,541,100000,150.000000,0.000380,0.000335,0.000192,0.000202
2,708,2,15000000,5785,4570,2718,3030,528,100000,150.000000,0.000386,0.000305,0.000181,0.000202
2,709,2,15000000,5675,4676,2881,3269,1118,100000,150.000000,0.000378,0.000312,0.000192,0.000218
2,710,2,15000000,5452,4285,2705,3030,755,100000,150.000000,0.000363,0.000286,0.000180,0.000202
2,711,2,15000000,5784,4223,2882,3044,506,100000,150.000000,0.000386,0.000282,0.000192,0.000203
2,712,2,15000000,5695,4736,2881,3036,369,100000,150.000000,0.000380,0.000316,0.000192,0.000202
2,713,2,15000000,5231,4630,2665,3280,781,100000,150.000000,0.000349,0.000309,0.000178,0.000219
2,714,2,15000000,5594,4226,2717,3041,526,100000,150.000000,0.000373,0.000282,0.000181,0.000203
2,715,2,15000000,5808,4735,2664,3040,688,100000,150.000000,0.000387,0.000316,0.000178,0.000203
2,716,2,15000000,5721,4093,2757,3043,601,100000,150.000000,0.000381,0.000273,0.000184,0.000203
2,717,2,15000000,5555,4532,2735,3275,1053,100000,150.000000,0.000370,0.000302,0.000182,0.000218
2,718,2,15000000,5730,4278,2881,3034,650,100000,150.000000,0.000382,0.000285,0.000192,0.000202
2,719,2,15000000,5885,4551,2907,3034,975,100000,150.000000,0.000392,0.000303,0.000194,0.000202
2,720,2,15000000,5943,4699,2904,3035,857,100000,150.000000,0.000396,0.000313,0.000194,0.000202
2,721,2,15000000,5829,4556,2666,3267,674,100000,150.000000,0.000389,0.000304,0.000178,0.000218
2,722,2,15000000,5820,4577,2881,3034,1058,100000,150.000000,0.000388,0.000305,0.000192,0.000202
2,723,2,15000000,5570,4377,2881,3045,824,100000,150.000000,0.000371,0.000292,0.000192,0.000203
2,724,2,15000000,5243,3881,2718,3019,575,100000,150.000000,0.000350,0.000259,0.000181,0.000201
2,725,2,15000000,5666,4744,2903,3215,759,100000,150.000000,0.000378,0.000316,0.000194,0.000214
2,726,2,15000000,5574,4189,2664,3010,939,100000,150.000000,0.000372,0.000279,0.000178,0.000201
2,727,2,15000000,5610,4863,2665,2997,721,100000,150.000000,0.000374,0.000324,0.000178,0.000200
2,728,2,15000000,5433,4716,2666,3018,711,100000,150.000000,0.000362,0.000314,0.000178,0.000201
2,729,2,15000000,5226,4550,2813,3224,880,100000,150.000000,0.000348,0.000303,0.000188,0.000215
2,730,2,15000000,5574,3957,2756,3005,841,100000,150.000000,0.000372,0.000264,0.000184,0.000200
2,731,2,15000000,5705,4450,2881,3006,867,100000,150.000000,0.000380,0.000297,0.000192,0.000200
2,732,2,15000000,5759,4782,2735,3016,1241,100000,150.000000,0.000384,0.000319,0.000182,0.000201
2,733,2,15000000,5660,4795,2665,3238,745,100000,150.000000,0.000377,0.000320,0.000178,0.000216
2,734,2,15000000,5676,4400,2794,3040,781,100000,150.000000,0.000378,0.000293,0.000186,0.000203
2,735,2,15000000,5484,4615,2881,3021,929,100000,150.000000,0.000366,0.000308,0.000192,0.000201
2,736,2,15000000,5951,4707,2905,3048,716,100000,150.000000,0.000397,0.000314,0.000194,0.000203
2,737,2,15000000,5910,4901,2665,3243,1024,100000,150.000000,0.000394,0.000327,0.000178,0.000216
2,738,2,15000000,6137,4833,2735,3032,848,100000,150.000000,0.000409,0.000322,0.000182,0.000202
2,739,2,15000000,5704,4788,2883,3037,697,100000,150.000000,0.000380,0.000319,0.000192,0.000202
2,740,2,15000000,5706,4962,2881,3044,506,100000,150.000000,0.000380,0.000331,0.000192,0.000203
2,741,2,15000000,5696,4498,2881,3252,1019,100000,150.000000,0.000380,0.000300,0.000192,0.000217
2,742,2,15000000,5758,4789,2664,3046,742,100000,150.000000,0.000384,0.000319,0.000178,0.000203
2,743,2,15000000,5678,4759,2881,3033,804,100000,150.000000,0.000379,0.000317,0.000192,0.000202
2,744,2,15000000,5993,4754,2697,3043,690,100000,150.000000,0.000400,0.000317,0.000180,0.000203
2,745,2,15000000,5995,4128,2757,3263,897,100000,150.000000,0.000400,0.000275,0.000184,0.000218
2,746,2,15000000,5785,3980,2903,3041,474,100000,150.000000,0.000386,0.000265,0.000194,0.000203
2,747,2,15000000,5555,4883,2881,3031,699,100000,150.000000,0.000370,0.000326,0.000192,0.000202
2,748,2,15000000,6046,4172,2903,3044,530,100000,150.000000,0.000403,0.000278,0.000194,0.000203
2,749,2,15000000,5302,4431,2771,3263,1372,100000,150.000000,0.000353,0.000295,0.000185,0.000218
2,750,2,15000000,5559,4027,2718,3046,634,100000,150.000000,0.000371,0.000268,0.000181,0.000203
2,751,2,15000000,5854,4029,2883,3020,798,100000,150.000000,0.000390,0.000269,0.000192,0.000201
2,752,2,15000000,5860,4476,2904,3039,936,100000,150.000000,0.000391,0.000298,0.000194,0.000203
2,753,2,15000000,5305,4519,2881,3228,938,100000,150.000000,0.000354,0.000301,0.000192,0.000215
2,754,2,15000000,5560,4471,2881,3008,671,100000,150.000000,0.000371,0.000298,0.000192,0.000201
2,755,2,15000000,5832,4858,2882,3025,655,100000,150.000000,0.000389,0.000324,0.000192,0.000202
2,756,2,15000000,5804,4339,2883,3033,911,100000,150.000000,0.000387,0.000289,0.000192,0.000202
2,757,2,15000000,5597,4592,2758,3246,919,100000,150.000000,0.000373,0.000306,0.000184,0.000216
2,758,2,15000000,5366,4547,2884,3029,976,100000,150.000000,0.000358,0.000303,0.000192,0.000202
2,759,2,15000000,5786,4617,2881,3022,670,100000,150.000000,0.000386,0.000308,0.000192,0.000201
2,760,2,15000000,5745,4694,2881,3030,657,100000,150.000000,0.000383,0.000313,0.000192,0.000202
2,761,2,15000000,5449,4521,2882,3247,1144,100000,150.000000,0.000363,0.000301,0.000192,0.000216
2,762,2,15000000,5687,4302,2883,3035,637,100000,150.000000,0.000379,0.000287,0.000192,0.000202
2,763,2,15000000,5972,4650,2719,3017,432,100000,150.000000,0.000398,0.000310,0.000181,0.000201
2,764,2,15000000,5474,4876,2881,3045,705,100000,150.000000,0.000365,0.000325,0.000192,0.000203
2,765,2,15000000,5433,4327,2776,3250,925,100000,150.000000,0.000362,0.000288,0.000185,0.000217
2,766,2,15000000,5798,4340,2743,3042,725,100000,150.000000,0.000387,0.000289,0.000183,0.000203
2,767,2,15000000,5430,4746,2881,3025,948,100000,150.000000,0.000362,0.000316,0.000192,0.000202
2,768,2,15000000,5419,4229,2881,3057,1087,100000,150.000000,0.000361,0.000282,0.000192,0.000204
2,769,2,15000000,5676,4438,2882,3256,1092,100000,150.000000,0.000378,0.000296,0.000192,0.000217
2,770,2,15000000,5790,4403,2664,3049,616,100000,150.000000,0.000386,0.000294,0.000178,0.000203
2,771,2,15000000,6005,4823,2687,3006,690,100000,150.000000,0.000400,0.000322,0.000179,0.000200
2,772,2,15000000,5729,4519,2881,3042,696,100000,150.000000,0.000382,0.000301,0.000192,0.000203
2,773,2,15000000,5674,4251,2904,3237,1243,100000,150.000000,0.000378,0.000283,0.000194,0.000216
2,774,2,15000000,5846,4278,2665,3040,893,100000,150.000000,0.000390,0.000285,0.000178,0.000203
2,775,2,15000000,5410,4674,2757,3013,592,100000,150.000000,0.000361,0.000312,0.000184,0.000201
2,776,2,15000000,6012,3942,2882,3029,771,100000,150.000000,0.000401,0.000263,0.000192,0.000202
2,777,2,15000000,5764,4634,2664,3255,719,100000,150.000000,0.000384,0.000309,0.000178,0.000217
2,778,2,15000000,5979,4065,2881,3030,642,100000,150.000000,0.000399,0.000271,0.000192,0.000202
2,779,2,15000000,5800,4616,2881,3015,692,100000,150.000000,0.000387,0.000308,0.000192,0.000201
2,780,2,15000000,6004,4630,2881,3033,720,100000,150.000000,0.000400,0.000309,0.000192,0.000202
2,781,2,15000000,5576,4508,2665,3242,1108,100000,150.000000,0.000372,0.000301,0.000178,0.000216
2,782,2,15000001,5883,4700,2667,3028,567,100000,150.000015,0.000392,0.000313,0.000178,0.000202
2,783,2,14999999,6297,4477,2881,3041,808,100000,149.999985,0.000420,0.000298,0.000192,0.000203
2,784,2,15000000,5482,4896,2688,3053,888,100000,150.000000,0.000365,0.000326,0.000179,0.000204
2,785,2,15000000,5669,4594,2726,3254,960,100000,150.000000,0.000378,0.000306,0.000182,0.000217
2,786,2,15000000,5803,4618,2756,3034,630,100000,150.000000,0.000387,0.000308,0.000184,0.000202
2,787,2,15000000,5442,4673,2882,3035,592,100000,150.000000,0.000363,0.000312,0.000192,0.000202
2,788,2,15000000,5575,4485,2736,3053,905,100000,150.000000,0.000372,0.000299,0.000182,0.000204
2,789,2,15000000,5353,4392,2903,3260,858,100000,150.000000,0.000357,0.000293,0.000194,0.000217
2,790,2,15000000,5734,4632,2881,3043,775,100000,150.000000,0.000382,0.000309,0.000192,0.000203
2,791,2,15000000,5888,3939,2686,3039,574,100000,150.000000,0.000393,0.000263,0.000179,0.000203
2,792,2,15000000,5538,4777,2707,3055,554,100000,150.000000,0.000369,0.000318,0.000180,0.000204
2,793,2,15000000,6134,4505,2881,3260,768,100000,150.000000,0.000409,0.000300,0.000192,0.000217
2,794,2,15000000,5824,4593,2837,3035,1081,100000,150.000000,0.000388,0.000306,0.000189,0.000202
2,795,2,15000000,5668,4752,2688,3048,878,100000,150.000000,0.000378,0.000317,0.000179,0.000203
2,796,2,15000000,5612,3898,2758,3062,796,100000,150.000000,0.000374,0.000260,0.000184,0.000204
2,797,2,15000000,6039,4509,2883,3267,593,100000,150.000000,0.000403,0.000301,0.000192,0.000218
2,798,2,15000000,5826,4679,2881,3052,669,100000,150.000000,0.000388,0.000312,0.000192,0.000203
2,799,2,15000000,5790,4556,2688,3044,692,100000,150.000000,0.000386,0.000304,0.000179,0.000203
2,800,2,15000000,5404,4545,2719,3056,865,100000,150.000000,0.000360,0.000303,0.000181,0.000204
2,801,2,15000001,5471,4013,2686,3255,1082,100000,150.000015,0.000365,0.000268,0.000179,0.000217
2,802,2,14999999,5516,4437,2719,3058,994,100000,149.999985,0.000368,0.000296,0.000181,0.000204
2,803,2,15000000,5692,4557,2881,3029,581,100000,150.000000,0.000379,0.000304,0.000192,0.000202
2,804,2,15000000,5509,4175,2904,3056,990,100000,150.000000,0.000367,0.000278,0.000194,0.000204
2,805,2,15000000,5455,4279,2774,3256,977,100000,150.000000,0.000364,0.000285,0.000185,0.000217
2,806,2,15000000,5573,4042,2881,3033,756,100000,150.000000,0.000372,0.000269,0.000192,0.000202
2,807,2,15000000,5714,4246,2757,3036,840,100000,150.000000,0.000381,0.000283,0.000184,0.000202
2,808,2,15000000,5622,5006,2718,3053,689,100000,150.000000,0.000375,0.000334,0.000181,0.000204
2,809,2,15000001,5533,4600,2881,3261,792,100000,150.000015,0.000369,0.000307,0.000192,0.000217
2,810,2,14999999,5582,4382,2757,3058,796,100000,149.999985,0.000372,0.000292,0.000184,0.000204
2,811,2,15000000,5981,4467,2881,3034,868,100000,150.000000,0.000399,0.000298,0.000192,0.000202
2,812,2,15000000,5826,4598,2734,3057,786,100000,150.000000,0.000388,0.000307,0.000182,0.000204
2,813,2,15000000,5585,4736,2882,3256,670,100000,150.000000,0.000372,0.000316,0.000192,0.000217
2,814,2,15000000,5894,4616,2731,3051,1040,100000,150.000000,0.000393,0.000308,0.000182,0.000203
2,815,2,15000000,5862,4435,2664,3048,637,100000,150.000000,0.000391,0.000296,0.000178,0.000203
2,816,2,15000000,5690,4598,2895,3032,893,100000,150.000000,0.000379,0.000307,0.000193,0.000202
2,817,2,15000000,5606,4141,2708,3246,1006,100000,150.000000,0.000374,0.000276,0.000181,0.000216
2,818,2,15000000,5821,4196,2881,3028,646,100000,150.000000,0.000388,0.000280,0.000192,0.000202
2,819,2,15000000,5811,4300,2903,3032,674,100000,150.000000,0.000387,0.000287,0.000194,0.000202
2,820,2,15000000,5476,4404,2881,3057,837,100000,150.000000,0.000365,0.000294,0.000192,0.000204
2,821,2,15000000,5429,5346,2741,3255,770,100000,150.000000,0.000362,0.000356,0.000183,0.000217
2,822,2,15000000,5463,4196,2747,3043,917,100000,150.000000,0.000364,0.000280,0.000183,0.000203
2,823,2,15000000,5764,5127,2688,3033,616,100000,150.000000,0.000384,0.000342,0.000179,0.000202
2,824,2,15000000,6175,4753,2734,3041,798,100000,150.000000,0.000412,0.000317,0.000182,0.000203
2,825,2,15000001,5860,4197,2882,3259,1003,100000,150.000015,0.000391,0.000280,0.000192,0.000217
2,826,2,14999999,6049,4772,2867,3052,781,100000,149.999985,0.000403,0.000318,0.000191,0.000203
2,827,2,15000000,5977,4644,2881,3028,505,100000,150.000000,0.000398,0.000310,0.000192,0.000202
2,828,2,15000000,5630,4574,2905,3056,418,100000,150.000000,0.000375,0.000305,0.000194,0.000204
2,829,2,15000000,5493,4851,2835,3264,1029,100000,150.000000,0.000366,0.000323,0.000189,0.000218
2,830,2,15000000,5624,4543,2881,2813,925,100000,150.000000,0.000375,0.000303,0.000192,0.000188
2,831,2,15000000,5732,4283,2758,3035,762,100000,150.000000,0.000382,0.000286,0.000184,0.000202
2,832,2,15000000,6066,4395,2689,3049,619,100000,150.000000,0.000404,0.000293,0.000179,0.000203
2,833,2,15000000,5541,4743,2883,3253,847,100000,150.000000,0.000369,0.000316,0.000192,0.000217
2,834,2,15000000,5728,4160,2881,3052,739,100000,150.000000,0.000382,0.000277,0.000192,0.000203
2,835,2,15000000,6217,4499,2883,3021,697,100000,150.000000,0.000414,0.000300,0.000192,0.000201
2,836,2,15000000,5579,4474,2704,3055,663,100000,150.000000,0.000372,0.000298,0.000180,0.000204
2,837,2,15000000,5639,4643,2882,3261,1089,100000,150.000000,0.000376,0.000310,0.000192,0.000217
2,838,2,15000000,5630,5134,2903,3040,827,100000,150.000000,0.000375,0.000342,0.000194,0.000203
2,839,2,15000000,5789,4443,2881,3018,429,100000,150.000000,0.000386,0.000296,0.000192,0.000201
2,840,2,15000000,5729,4777,2881,3017,611,100000,150.000000,0.000382,0.000318,0.000192,0.000201
2,841,2,15000000,5810,4059,2882,3229,764,100000,150.000000,0.000387,0.000271,0.000192,0.000215
2,842,2,15000000,5989,4461,2881,3020,754,100000,150.000000,0.000399,0.000297,0.000192,0.000201
2,843,2,15000000,5503,4451,2742,3022,668,100000,150.000000,0.000367,0.000297,0.000183,0.000201
2,844,2,15000000,6048,4252,2686,3021,825,100000,150.000000,0.000403,0.000283,0.000179,0.000201
2,845,2,15000000,5515,4407,2664,3242,1116,100000,150.000000,0.000368,0.000294,0.000178,0.000216
2,846,2,15000000,5620,4322,2664,3024,770,100000,150.000000,0.000375,0.000288,0.000178,0.000202
2,847,2,15000000,6163,4717,2881,3031,1091,100000,150.000000,0.000411,0.000314,0.000192,0.000202
2,848,2,15000000,5505,4205,2882,3065,1072,100000,150.000000,0.000367,0.000280,0.000192,0.000204
2,849,2,15000000,5536,4314,2881,3272,817,100000,150.000000,0.000369,0.000288,0.000192,0.000218
2,850,2,15000000,5683,4617,2882,3041,479,100000,150.000000,0.000379,0.000308,0.000192,0.000203
2,851,2,15000000,5710,4563,2741,3033,719,100000,150.000000,0.000381,0.000304,0.000183,0.000202
2,852,2,15000000,5338,4564,2665,3039,686,100000,150.000000,0.000356,0.000304,0.000178,0.000203
2,853,2,15000000,5441,4551,2869,3282,1055,100000,150.000000,0.000363,0.000303,0.000191,0.000219
2,854,2,15000000,5599,4495,2833,3045,650,100000,150.000000,0.000373,0.000300,0.000189,0.000203
2,855,2,15000000,5507,4800,2869,3021,664,100000,150.000000,0.000367,0.000320,0.000191,0.000201
2,856,2,15000000,5683,4361,2753,3043,647,100000,150.000000,0.000379,0.000291,0.000184,0.000203
2,857,2,15000000,5892,4317,2692,3257,868,100000,150.000000,0.000393,0.000288,0.000179,0.000217
2,858,2,15000000,5845,4352,2870,3037,632,100000,150.000000,0.000390,0.000290,0.000191,0.000202
2,859,2,15000000,6077,4634,2748,3041,850,100000,150.000000,0.000405,0.000309,0.000183,0.000203
2,860,2,15000000,5411,4282,2672,3050,432,100000,150.000000,0.000361,0.000285,0.000178,0.000203
2,861,2,15000000,5262,4591,2890,3270,712,100000,150.000000,0.000351,0.000306,0.000193,0.000218
2,862,2,15000000,6004,4194,2670,3049,697,100000,150.000000,0.000400,0.000280,0.000178,0.000203
2,863,2,15000000,5873,4747,2676,3038,630,100000,150.000000,0.000392,0.000316,0.000178,0.000203
2,864,2,15000000,5846,4926,2902,3046,613,100000,150.000000,0.000390,0.000328,0.000193,0.000203
2,865,2,15000000,5559,4322,2669,3263,910,100000,150.000000,0.000371,0.000288,0.000178,0.000218
2,866,2,15000000,5407,4082,2739,3038,753,100000,150.000000,0.000360,0.000272,0.000183,0.000203
2,867,2,15000000,5835,4320,2668,3032,928,100000,150.000000,0.000389,0.000288,0.000178,0.000202
2,868,2,15000000,5605,4017,2848,3044,633,100000,150.000000,0.000374,0.000268,0.000190,0.000203
2,869,2,15000000,5528,4332,2903,3259,848,100000,150.000000,0.000369,0.000289,0.000194,0.000217
2,870,2,15000000,5777,4052,2902,3037,636,100000,150.000000,0.000385,0.000270,0.000193,0.000202
2,871,2,15000000,5398,4354,2772,3042,861,100000,150.000000,0.000360,0.000290,0.000185,0.000203
2,872,2,15000000,5704,3985,2775,3050,668,100000,150.000000,0.000380,0.000266,0.000185,0.000203
2,873,2,15000000,5374,4395,2669,3266,898,100000,150.000000,0.000358,0.000293,0.000178,0.000218
2,874,2,15000000,5537,4258,2769,3044,898,100000,150.000000,0.000369,0.000284,0.000185,0.000203
2,875,2,15000000,5830,4386,2902,3053,817,100000,150.000000,0.000389,0.000292,0.000193,0.000204
2,876,2,15000000,5344,4675,2729,3066,463,100000,150.000000,0.000356,0.000312,0.000182,0.000204
2,877,2,15000000,5406,4245,2779,3266,1030,100000,150.000000,0.000360,0.000283,0.000185,0.000218
2,878,2,15000000,5958,4991,2668,3048,551,100000,150.000000,0.000397,0.000333,0.000178,0.000203
2,879,2,15000000,5495,4431,2904,2811,870,100000,150.000000,0.000366,0.000295,0.000194,0.000187
2,880,2,15000000,5688,4934,2740,2829,949,100000,150.000000,0.000379,0.000329,0.000183,0.000189
2,881,2,15000000,5617,4165,2770,3277,1076,100000,150.000000,0.000374,0.000278,0.000185,0.000218
2,882,2,15000000,5915,4179,2670,2812,862,100000,150.000000,0.000394,0.000279,0.000178,0.000187
2,883,2,15000000,5844,4290,2687,2804,736,100000,150.000000,0.000390,0.000286,0.000179,0.000187
2,884,2,15000000,5782,4612,2692,2828,575,100000,150.000000,0.000385,0.000307,0.000179,0.000189
2,885,2,15000000,5811,4891,2708,3291,833,100000,150.000000,0.000387,0.000326,0.000181,0.000219
2,886,2,15000000,5853,4369,2903,2827,587,100000,150.000000,0.000390,0.000291,0.000194,0.000188
2,887,2,15000000,5807,4562,2768,3053,769,100000,150.000000,0.000387,0.000304,0.000185,0.000204
2,888,2,15000000,5570,5028,2902,2820,1018,100000,150.000000,0.000371,0.000335,0.000193,0.000188
2,889,2,15000000,5492,4129,2902,3034,966,100000,150.000000,0.000366,0.000275,0.000193,0.000202
2,890,2,15000000,5788,4234,2729,2819,783,100000,150.000000,0.000386,0.000282,0.000182,0.000188
2,891,2,15000000,5789,5166,2856,3057,978,100000,150.000000,0.000386,0.000344,0.000190,0.000204
2,892,2,15000000,5626,3918,2903,2826,473,100000,150.000000,0.000375,0.000261,0.000194,0.000188
2,893,2,15000000,5458,5003,2739,3039,1096,100000,150.000000,0.000364,0.000334,0.000183,0.000203
2,894,2,15000000,5702,4862,2903,2824,875,100000,150.000000,0.000380,0.000324,0.000194,0.000188
2,895,2,15000000,5708,4392,2887,3052,798,100000,150.000000,0.000381,0.000293,0.000192,0.000203
2,896,2,15000000,5639,4296,2693,3060,893,100000,150.000000,0.000376,0.000286,0.000180,0.000204
2,897,2,15000000,5532,5010,2797,3274,586,100000,150.000000,0.000369,0.000334,0.000186,0.000218
2,898,2,15000000,5628,4053,2887,3057,973,100000,150.000000,0.000375,0.000270,0.000192,0.000204
2,899,2,15000000,5871,4422,2888,3039,877,100000,150.000000,0.000391,0.000295,0.000193,0.000203
